username,password,clientId,secretKey,accessToken,publicKey,jws,encryptedTimestamp,deviceUUID,randomMobile
Mariam68633,P@ssw0rd123,dc-tlcyavyyzjr6j77qq3auqpwly,K5mBKOFf060tyfYsH7MB0tja3Q6ZAb1eJUe28XhtbfM=,0002JV98e8b9xDQ56HiD25tMZL3AIluBk5XbmMNwRd4mVv9B2mjj8lRnoTQbmW4l,MFkwEwYHKoZIzj0CAQYIKoZIzj0DAQcDQgAEykGyqqcDRBgwh1CURiAdCdbfip8Cs28xOAy9dSJbapYBiDnziw9SyV4/9SVcy3JEqOAd4hfsiqoOVzUcFgdycA==,ewogICJ0eXAiOiAiSldUIiwKICAiYWxnIjogIlJTMjU2Igp9.eyJhdWQiOiJodHRwczovL3Zzd3NpdHNzb3IwMS5kZXYubWRpOjQ0My9hcy90b2tlbi5vYXV0aDIiLCJzdWIiOiJkYy10bGN5YXZ5eXpqcjZqNzdxcTNhdXFwd2x5IiwiaXNzIjoiZGMtdGxjeWF2eXl6anI2ajc3cXEzYXVxcHdseSIsImV4cCI6MTY4MDAwNDE3NiwiaWF0IjoxNjgwMDAxNzc2fQ.n4m3m8wsS1kMwsnym3HXwwN0ecOPPq5z3m4dUHfKb7euSY9N2W70-1P27RYeo2E3bbb_uszeEz1UNpT6zUBd-h40KPe-qZ3GD1tR3LXPKBQC5EDoH-34rsiaLrOUrtIxJZ--zISxzkEYRHa3UPQ04LSKWU3uqB0FEIqI1A3mpKpA_EfKmARIRrrkmQuFp0wOPFngS566JTyQUKcESO_8Jud0eXieq0L6alTDMRkvjhWvbtCWibIvv1yhKdTrs1VZIqyaNYSZ9FPL8_GPObpGrypuQEiOfD44QPbR0G81dYeHg043-d9QQJYg8_C7Z3b3EMRmmZjazXDD63OUVa2Bdg,h/Hwr6rdw8Wlu77OnHb4QQ==,03482edc-c888-48f4-ba3f-66015bff4460,201068000000
Mariam20137,P@ssw0rd123,dc-slupctyauq6uf38ukehy0660r,3h2aR/XrkJ+vBNu3Q9hfBpqnm9GxVfjnESZxi198JB8=,0002NWAmpF5UEdlXYVuvE5u6yxiIgvgRpgufoiVLo5kVWWsKE0Y8NfmkxxJYojk0,MFkwEwYHKoZIzj0CAQYIKoZIzj0DAQcDQgAEbGdTPeH5eGkfUoX0Ye73e3NyNWXsxUCUyeCOYsA8kbvNLdzBvUVEWic2fmivEi00TCmli/Qc0w0Rf1+zoCzXQw==,ewogICJ0eXAiOiAiSldUIiwKICAiYWxnIjogIlJTMjU2Igp9.eyJhdWQiOiJodHRwczovL3Zzd3NpdHNzb3IwMS5kZXYubWRpOjQ0My9hcy90b2tlbi5vYXV0aDIiLCJzdWIiOiJkYy1zbHVwY3R5YXVxNnVmMzh1a2VoeTA2NjByIiwiaXNzIjoiZGMtc2x1cGN0eWF1cTZ1ZjM4dWtlaHkwNjYwciIsImV4cCI6MTY4MDAwNDE4MCwiaWF0IjoxNjgwMDAxNzgwfQ.j0i10t0N3Z8ctBSr02dHO3sUWbwAv3dpLwKJdzBUOV3mM7gaVVJTkglNXA4Bg2h-TwFQI1UGB9XOCpBrecfo8FNyqDLilqVLbkKHw4ipDdSJesX9bbE1Os112USHvW86bFN8G6bdmY1YQausocIIRz7EK3MmJ1xEJU82M3Z4oixZOkCKe4mbPVm-JfiKb5BUONx7VQlaMkv3ytMPR8jE_-Ak3NnVF00BwFsoIrkGsNaNDepds-Cp8Wk6w904oT1RD_UzqA6bHUhLtcH6F_Dg88g7Kz9deebMu03Pffk7ML8Fxv1XppHF2lFd3f_tFEUUJe22MEOT2hjhRNqIXZaX8w,jpj9hf4UzHtDqhBx0+5L2g==,ca8081c2-3859-40b7-aecb-185212fb3012,201049000000
Mariam24255,P@ssw0rd123,dc-tlvs0s48ccepgjbmtkbjw2y7h,85Y2t1wUKVyQPNs6S/wvWvSO82LSJKH1g4tR2v9Ly8I=,0002tv5181x0Brece6lESc8ntW6dG4pCKveJAukFAWuxXS9fJuiLY0qMNj7dkuct,MFkwEwYHKoZIzj0CAQYIKoZIzj0DAQcDQgAErwn8teBAQz1HyN0EHsUGYEqI2GKFzx6H7aAwX/UsFuMl0g/KLIeUqH6MtPscB2I4t8DE6KIKuFg0jS0p+17o3A==,ewogICJ0eXAiOiAiSldUIiwKICAiYWxnIjogIlJTMjU2Igp9.eyJhdWQiOiJodHRwczovL3Zzd3NpdHNzb3IwMS5kZXYubWRpOjQ0My9hcy90b2tlbi5vYXV0aDIiLCJzdWIiOiJkYy10bHZzMHM0OGNjZXBnamJtdGtiancyeTdoIiwiaXNzIjoiZGMtdGx2czBzNDhjY2VwZ2pibXRrYmp3Mnk3aCIsImV4cCI6MTY4MDAwNDE4MywiaWF0IjoxNjgwMDAxNzgzfQ.Lfha1rI0TidykQN1bj9Ply0AngvCMIqaHU68IazOssamdPA6xSDBjdCIyJ_YXOCXQ9xJu4f9JOZGKYS5nmfpovQJZcfiryGhgK-hEHiZPY3ViQJyN-vT4lJ6VWhjHnSLpJEmq9EXpupv4kcw7-rQVjZ2yQwLoOs82KP8QERCd845JybwfGOT1-Edou3MA90tkyTRcyDHsUXMp3ZQhpgpa2j7xZvLV7Ob6DoAUqpxSKLdSs1h_vvbsZxLJ4JJiHjuxE12EENo7BZwhfyzawnjwEHe5Gj3rv5L5Bfws8Fw5QG_WAzx-TgA5ZM89TtbeSQjCilC4CgPQrkrd0gthWu3-Q,6waeS3mV14oxxYcEvRlTYA==,cfddcb05-4594-424b-a6c1-c4933971e27c,201031000000
Mariam01217,P@ssw0rd123,dc-92jy984n6avwxv88etzp7w7l8,LFgrI2nk/DjSWYPU+BdBDLMJcFZsKlt6TjlLaFHpQdw=,0002G2KZaYpDhHHurgieuBANU5ceE6Sc1Ty40gUO1zer7dQhbWDdxzdHYhetb2UA,MFkwEwYHKoZIzj0CAQYIKoZIzj0DAQcDQgAEPy09jtwL9VnxkU3kD9mhLmJbWolFYUJY4um03j6NluUiJ0cDEM4jb8pFnCfHxRoCc3G2aQk1EFpisjSVIgrGyQ==,ewogICJ0eXAiOiAiSldUIiwKICAiYWxnIjogIlJTMjU2Igp9.eyJhdWQiOiJodHRwczovL3Zzd3NpdHNzb3IwMS5kZXYubWRpOjQ0My9hcy90b2tlbi5vYXV0aDIiLCJzdWIiOiJkYy05Mmp5OTg0bjZhdnd4djg4ZXR6cDd3N2w4IiwiaXNzIjoiZGMtOTJqeTk4NG42YXZ3eHY4OGV0enA3dzdsOCIsImV4cCI6MTY4MDAwNDE4NSwiaWF0IjoxNjgwMDAxNzg1fQ.exZujt83IFPNkmWnXu5CXDzAvBSCae4zqMjIXpTV3q1MP7u4WSjRGxomeUg6hQPDXeNsiJ1xs6Ub6FhtWt7LDOrEbIV9brFcNHa1Ii-xNMvxuTcDJscxkp9pFo0HvuP8FddBv5Vi97YefU1fJ43cf-wIuu0NgDsXlKSOk3yyxvKkQ9eq7UzMTn6mF0AiqaeQ3aVHazHO2GS0Pqed5bY76fFwYODIAdChfsnSP-Ru98_y7TtQNAacm1ASQotWJcuqbF9bRcUKW69iBV2wm6SoDef-aZ1UcTn41s0JA-qzpVtuuk0D1-Tvo465oPGDEQn3HCdff5E8ruTU13Rw-JET5A,GGKf0zO7GibGx9ow9Re/yw==,9775a861-c5a4-4b90-b57c-1a0baf861920,201037000000
Mariam90195,P@ssw0rd123,dc-k18qqkew1m5rl68f9ddqnr57z,OVohP2A1+rjwF9LV8DuISICWMiW32s53IdIMJkI03AI=,0002Rc4eYsxgIObaHJc61XSWbiv9nhhM8q4KYVAoSo1vSxVIN2JRoaAqsS1Gyi32,MFkwEwYHKoZIzj0CAQYIKoZIzj0DAQcDQgAEIC2SAu3DwOFUMNxp9pCX7cecDYXv3KN72PATG/g4/fBPyNCwXbK8RvLIIa99H+oz6rIDpFsZ+xhYRKiIK3YTkA==,ewogICJ0eXAiOiAiSldUIiwKICAiYWxnIjogIlJTMjU2Igp9.eyJhdWQiOiJodHRwczovL3Zzd3NpdHNzb3IwMS5kZXYubWRpOjQ0My9hcy90b2tlbi5vYXV0aDIiLCJzdWIiOiJkYy1rMThxcWtldzFtNXJsNjhmOWRkcW5yNTd6IiwiaXNzIjoiZGMtazE4cXFrZXcxbTVybDY4ZjlkZHFucjU3eiIsImV4cCI6MTY4MDAwNDE4NywiaWF0IjoxNjgwMDAxNzg3fQ.kCnqY3S3zija0m024G5R2xsk_iNTC1psrKXFmJnIOsDr4VFyM7vmP6McqTzF84oPRLWOXi2uLzVJlZQdn8nSc_2rYL2FlThFpA5HKeXtE0o6KBlQ33WBHIUd0eE5WyO6oD2pXhhUPCZcK-3SGaRyosz0xNHmr8cj2wE6um0VyflFJjgPKFzsnCwlkA-M7FbGZGU5b37N4iw2Ba84O0cUNGTBYkn5ysmQIqObV3ugkzJk_8u8cSDDFTH_pcboxDeQ9VxxodTxDelY1raVBZsFcgDvx2X6JsNtMcs9dbBf1q_cYrfYndaHiFMX3GOPeAw_iAoSxwuTGR2PAj_QwyrPrQ,6NC0tye0rq2l9FWZ51QLPw==,365de447-e7bb-4669-883b-4bef55c2fb6c,201079000000
Mariam91176,P@ssw0rd123,dc-ub6lcgnm5higsvcow254uaex8,BHYXFWpCTk2EPq7FhcIM/k7U7B61zHJDm3ayDriZAE4=,00020nXlsPsBMvC5d9HNCyRiWwKWXBPRLvUfACWqX84xd8Do6cBcp6TyPekKEJKr,MFkwEwYHKoZIzj0CAQYIKoZIzj0DAQcDQgAEjyCqB4gHBWohDEuCGapixjMMAKlptOaHLNV/czwGzYP+ORkAk78rpoLQ/yIM6LproWwOoYOOCHSX/K79cXeiTQ==,ewogICJ0eXAiOiAiSldUIiwKICAiYWxnIjogIlJTMjU2Igp9.eyJhdWQiOiJodHRwczovL3Zzd3NpdHNzb3IwMS5kZXYubWRpOjQ0My9hcy90b2tlbi5vYXV0aDIiLCJzdWIiOiJkYy11YjZsY2dubTVoaWdzdmNvdzI1NHVhZXg4IiwiaXNzIjoiZGMtdWI2bGNnbm01aGlnc3Zjb3cyNTR1YWV4OCIsImV4cCI6MTY4MDAwNDE4OSwiaWF0IjoxNjgwMDAxNzg5fQ.ey-hvCVY_WPaEDSjBsbM09c9MkYQtFG82UgvzZLmuc03g6tKrypJDFd1kHUA72_dFRTCOc74K-dojACnj1-W0FSjI_3-13BEHreGo_rRgd25qxB577u4VcJw8WX-5qM2NrYBAv8Ijw0XD9FJrZw3sCMNsHNLl8Tj7ydrSd4S3snmafuMnbGHZtIBxKZiT3emRtOMoHDxT3VTmPSIwi_Icrz1FZRAj6ZV5kzUDXLZsBDTFUeMKNv_BKQ754CI_aFFriPoYZSp11zK-n3z0-lYSinX--m1zJqyNfCK55n3e-JYF_bseBswqDVcRX-3PlzKTM5CX3l1C4IH5NizlYuk8g,jwOavr5719Li/NFdvjurjA==,07b95bea-7a1e-42a5-a75d-439abd931b8c,201004000000
Mariam75345,P@ssw0rd123,dc-ypg4d10t93x7x2j0i6q3qp8jz,H/VnvjHjSdjkwF+eNuyxTiFNa05SXUB2XH4SzUAH62s=,0002dFQgeCoNULhwwoiwNC19OcVlFb5XwKCRLKGAYtl68poNwjfw2XQwCRoLUnoC,MFkwEwYHKoZIzj0CAQYIKoZIzj0DAQcDQgAEZAUc/I1S6IcehXWTJp/+HvEtaPuIhp8M30jDsYR78zHPpiwfaVX4bCnG95D5RtynSwfALFm8fUjsJ0vbcFjlug==,ewogICJ0eXAiOiAiSldUIiwKICAiYWxnIjogIlJTMjU2Igp9.eyJhdWQiOiJodHRwczovL3Zzd3NpdHNzb3IwMS5kZXYubWRpOjQ0My9hcy90b2tlbi5vYXV0aDIiLCJzdWIiOiJkYy15cGc0ZDEwdDkzeDd4MmowaTZxM3FwOGp6IiwiaXNzIjoiZGMteXBnNGQxMHQ5M3g3eDJqMGk2cTNxcDhqeiIsImV4cCI6MTY4MDAwNDE5MSwiaWF0IjoxNjgwMDAxNzkxfQ.E6nouM5QtQSNw6vTdoWo56HNUQWWBfznVGoMo9jvpxAS51tm1WXipTWqbnIeF4yA5FNFO3lszXZ7RdNbaoTC0zRpEFlaEBkndTkXOBb6wrDCTR9Rn_3kb8Q1P9WrLGE-55u-c53n-hESEuoI1Sp-40Pw2k-8zQ_Fb6_8xIQhNmaeID_PVCADAPUFDFhuLxVwPUgaS40KmZq3kNiCthvnhNZu7TVeApQDmz43EP9H4qZ_7Ggr4YutaEecq8DBj4oeNnZgZTLgS-Z8MrPwiMUiwSMXH_wnwxWOMXjE4PARmWRHHQILvtdMHb-k_FEn4CA0OTG5aTRtEW_NhCXaudnpZQ,Mtv/6O//sjoXrP0TR4m27w==,5cda1e0c-4c0e-43b8-a841-49c3dff4b4d3,201079000000
Mariam25360,P@ssw0rd123,dc-x4h014p7akdp8kcg34k8rgpar,cMQSLw5y/zicdxDqarR5AHaHNdYzbJWHQT+nV5VxEAs=,0002lHtiarllISldnYO1gCejUbyeHP9VzNenAzG41LUZnwxV674SnZhV2vMv4Qeb,MFkwEwYHKoZIzj0CAQYIKoZIzj0DAQcDQgAEt+dH0Xvh4wBAYkwHKADxC1ErAqOgaSnVJmdyM+xn/edl3IpYpuzgM0cm/iSGcLQSWSvdn4O9LXPXeRaKSv19LA==,ewogICJ0eXAiOiAiSldUIiwKICAiYWxnIjogIlJTMjU2Igp9.eyJhdWQiOiJodHRwczovL3Zzd3NpdHNzb3IwMS5kZXYubWRpOjQ0My9hcy90b2tlbi5vYXV0aDIiLCJzdWIiOiJkYy14NGgwMTRwN2FrZHA4a2NnMzRrOHJncGFyIiwiaXNzIjoiZGMteDRoMDE0cDdha2RwOGtjZzM0azhyZ3BhciIsImV4cCI6MTY4MDAwNDE5MywiaWF0IjoxNjgwMDAxNzkzfQ.fmbapOSxdiuniAehu4wKN8DHLtg4ycz9v0Hxn1qvjhN0DfItEPkRw-cvucMbToQmGOy5z_yTe6GGH3_WKD6BhxApwIqQtl-XxOGi4Yvp_7nWuKFdyJGZbTOUMR9J-hmDxTH0sDbhlBxGaqQOkjIkIKqS8dkpIWFt4GhB_Yw1h80LK8VO3oScR4j6_OL97kTEMF-qNtux3xPVhqMPsC3Jmgr0Av04kw098qfSDIzhc815GTM9g8LBbzJYFXNUDpcHYm9QgdAvjNAko51UpTpJbDIMIToF-7Tecar6eiUONOQxQ4RiT946mIAUd17FMhDzumQVtEgn-nCLh6M64xfERw,2wt3IHf3hlgk1gJiwrhX3A==,9114001c-1748-488d-be36-c7b45a8dda84,201025000000
Mariam78643,P@ssw0rd123,dc-miu2v199zkzdwdxtertnba9q9,DbAhjlVNsKsVhaJHIMMNMAbTnwbUEPJizwYKscBkaVU=,0002KIvtr59DZ65szXmT00SQCXbOYdGRSCf4nshqLdNsVszZXJzZv4v2Yy3GbWDd,MFkwEwYHKoZIzj0CAQYIKoZIzj0DAQcDQgAEGLBZTYL8vNRXgMXgEZ4dEpk0QNogZSeB3ysXqT3SQk6qVhW9BjkTk0HxwxAE6KrzmJXhLstg5PmO95S1AS9Gqg==,ewogICJ0eXAiOiAiSldUIiwKICAiYWxnIjogIlJTMjU2Igp9.eyJhdWQiOiJodHRwczovL3Zzd3NpdHNzb3IwMS5kZXYubWRpOjQ0My9hcy90b2tlbi5vYXV0aDIiLCJzdWIiOiJkYy1taXUydjE5OXpremR3ZHh0ZXJ0bmJhOXE5IiwiaXNzIjoiZGMtbWl1MnYxOTl6a3pkd2R4dGVydG5iYTlxOSIsImV4cCI6MTY4MDAwNDE5NSwiaWF0IjoxNjgwMDAxNzk1fQ.SAALA0bOomiOeud1bVrqwR9wOH_hdJsj08JhJhq26gP5IQZT2cxFzy4HWvUYm-n0Twa0aysQNxE3bG4RZTZh0GznmdBYxwmrnwma5ey70uBRmGY07AZoF1jW1YYTBA3gLuZqXPy3kcIIeu1yaB9CRWE3U1pi_c6jRMeStoaDznocMoEyR7SiFhfn2Rax1iIVYiy1RNTSnCkMMUXdv2sFntJEPGE69vAAwED1anqp5j4tFWJpWfA9DsbLG7Fd8t9zm9lG-4dXb15Y9HuqKLk32CDSPOuzqMuE0Zi5I0Ep-O3CxU0PQTg5XoU5YezD1ogi0r-tRCrP8MnoCMLwgkZovg,bGqdjy3f0uuCvjfLeWXYsw==,6d7e0024-d093-4309-8037-6ae1487172d9,201063000000
Mariam16741,P@ssw0rd123,dc-qarkmeznb869w6p5tua2wf9l1,sXQ6c6DZ1pm4cR8H9BxpSk2OSNATs4NVYuidC1ckzSs=,0002k68iBmlapr5ex9BE7nKNks2IksTkduRD7eN4q0ox2qvhOsZ1hh8VIh4gtYUq,MFkwEwYHKoZIzj0CAQYIKoZIzj0DAQcDQgAEIpbDbP7drsf5rrNiwSviLNRdM/CecyybuJPg0AxkvCx7UVCRN6+Mbj8atbHztwEa0EiKzEcl3d8U0FdgQ7AEbQ==,ewogICJ0eXAiOiAiSldUIiwKICAiYWxnIjogIlJTMjU2Igp9.eyJhdWQiOiJodHRwczovL3Zzd3NpdHNzb3IwMS5kZXYubWRpOjQ0My9hcy90b2tlbi5vYXV0aDIiLCJzdWIiOiJkYy1xYXJrbWV6bmI4Njl3NnA1dHVhMndmOWwxIiwiaXNzIjoiZGMtcWFya21lem5iODY5dzZwNXR1YTJ3ZjlsMSIsImV4cCI6MTY4MDAwNDIwMSwiaWF0IjoxNjgwMDAxODAxfQ.Ok--b3qRVohbj8S9NIJEsaUSYMrys3YLwmCtbraewYw1NWiTLWi-2XFkFqjOp5ewZ3eqJu0FXx6dQUljiwEwSoWlRAlCYBZ7Kq1aKvjefp1lDcv_kljv6lnjmYkLTNzcarT6obA2n0Yt0vkDulv57OvUmrvKq1_Rei79ycsG3ltjIBuJCkwHMYXQosSATpSl7NaFMPBh6m1oyxmRD2rR2k4KK7r3eCqa6CFmsA43MBUxr8RXfJqd7OPByb3WBPTDeBh29YKNrUKrN0pt4H1sLj2yVleBnxKNyoyx_yltLeYNBpEUUVqgXTIqcCVGp0cQbl5gviA0ZFk4hPEPNiGCsA,Qm1Ekr46hudkj7CazCnywg==,30264e62-fd44-4936-b308-5077aa7ebb29,201045000000
Mariam66852,P@ssw0rd123,dc-h8b0uaw47cmp26awqygxlcrxn,t8FA/3/xbVPwuxjvADd+qDUZZCtbwXzSM+rpMPbA4Gc=,0002Vg0wv32CsKwpCaZCXR0zzQ9a3jwGIOEqtmLUkZA5c0YqSzQexGD1LVVy6uzR,MFkwEwYHKoZIzj0CAQYIKoZIzj0DAQcDQgAEdjBQtBjAOuuQ6ByjuJptUHtHsK4sSEmNPRl7E+p1wyFMwKUN0ryWbkRR/UP548r6/qLOw8NI3wa+1Nw0c7RaKw==,ewogICJ0eXAiOiAiSldUIiwKICAiYWxnIjogIlJTMjU2Igp9.eyJhdWQiOiJodHRwczovL3Zzd3NpdHNzb3IwMS5kZXYubWRpOjQ0My9hcy90b2tlbi5vYXV0aDIiLCJzdWIiOiJkYy1oOGIwdWF3NDdjbXAyNmF3cXlneGxjcnhuIiwiaXNzIjoiZGMtaDhiMHVhdzQ3Y21wMjZhd3F5Z3hsY3J4biIsImV4cCI6MTY4MDAwNDIwMywiaWF0IjoxNjgwMDAxODAzfQ.hQECHMsqkyXkX3zKzpEptku9iffWK_KFtj05NMXgzYI5J9z6gcc3f03YkV1yqxk3HMISn6ISTN34BdiliS-QNNnfSEARzLsICZJJMC5iVDHiwRC2wb0CSbfi-tPx9sIfI4WbwDJ6wDbliDT_6KHKTM25HL4F0pFbooEnHAxfNvSgq8Yy-7VOjreBSl74nGoP_cXoUOhQCn3h1-AuxOw0_n1pXmmDU2aTjyMwwJZKufeT-IgzjowLZjFLtZZ_-vjjvXy7CgyzewITZByhg5BW1Q1_LKiwm-E6Omjx_YrzyqVRJMRV1DLHv1Cf4UkCK8CQ5jso6BOLdyB0CBmoPoM9kw,7+j7vMrwPQ4bp0P/M4Z5AQ==,ac1975a5-b6dd-402e-aae3-f7fb52368d0a,201062000000
Mariam30811,P@ssw0rd123,dc-hlksy9gewnpv4kcaxcgsxwig8,BhcIkjQaSWODlvBhGZCfD8nG3c5dy7t0ACF8pMfw4vM=,0002ZOIlOJdV4uJCo8b0jVYoRQvO3dQnsH2illl6403xy89F3bRgHhYo5KlDjJbq,MFkwEwYHKoZIzj0CAQYIKoZIzj0DAQcDQgAEJ25hHumoPog9luYV3KcH+V08eTEwxljox9/j283sxghDPBgiH/QNtyktGEbelQnuFf1rIWsC78DI/Lijh260YQ==,ewogICJ0eXAiOiAiSldUIiwKICAiYWxnIjogIlJTMjU2Igp9.eyJhdWQiOiJodHRwczovL3Zzd3NpdHNzb3IwMS5kZXYubWRpOjQ0My9hcy90b2tlbi5vYXV0aDIiLCJzdWIiOiJkYy1obGtzeTlnZXducHY0a2NheGNnc3h3aWc4IiwiaXNzIjoiZGMtaGxrc3k5Z2V3bnB2NGtjYXhjZ3N4d2lnOCIsImV4cCI6MTY4MDAwNDIwNSwiaWF0IjoxNjgwMDAxODA1fQ.BcT5NIZ6Z0o6GLEjtZOKhMC_qJZRMTZ3jWbdEdFh49vT6XTcTU3je3EzY7nIIZJe2OhCNKsvuUtzDK8RRjNvct_HgfRK5rAT_3pXLtgNHu5uziTIZy2jaYDJAS24TSExM3SQmsCk8QM6duGKemHYOE7S8Zk9RpWXM4qyQ6T0Uk0IXQj4_WkxIU9K9hZ8q19Bzm5WnvXjMJKTHOgDFylpUIZ665lI-Twz2kDX2tOJJAnQaCNgfzhIhEM41M8eEEa4u33APywSkpsG7cKOJhHJ_1BX75XUlC9ZZ0YTIcD83IkOrWV8OERxmE_6qu6WDlYj_bpPUHgRJUdWYaWHIKiZzQ,pQsaS5EtNWtiiAdu2HKxlw==,dd8d351a-a97c-4f74-a100-b43032573071,201077000000
Mariam59340,P@ssw0rd123,dc-h7rihnidw2unymj0u2suk569h,oYTU1jAodnFTXfYc7BYEEKpVcfcE7a+l4ln6WGXtpc0=,0002vYLQlxfqkmCiS4ex6Iai8IkY83PQ60ezQaXHgjtn50ltFbz5sFKwiUyItMRy,MFkwEwYHKoZIzj0CAQYIKoZIzj0DAQcDQgAEAAkcQF2/Xg5JJHN+aFIDuSNJpKMfeg+h6qJ90fIzbeLxhTg/PQrIZgG3c+xq8QfHj8/2TR8P6txkbb54VA4jVw==,ewogICJ0eXAiOiAiSldUIiwKICAiYWxnIjogIlJTMjU2Igp9.eyJhdWQiOiJodHRwczovL3Zzd3NpdHNzb3IwMS5kZXYubWRpOjQ0My9hcy90b2tlbi5vYXV0aDIiLCJzdWIiOiJkYy1oN3JpaG5pZHcydW55bWowdTJzdWs1NjloIiwiaXNzIjoiZGMtaDdyaWhuaWR3MnVueW1qMHUyc3VrNTY5aCIsImV4cCI6MTY4MDAwNDIwNywiaWF0IjoxNjgwMDAxODA3fQ.JSssc18RfEiU1Z7FPWj2U0g1dVPsOA8vzdpXmw1UYGdvKHYOoGQEnwCWMWacxkv_q7ZhUB_Hvnz_ixIepn3BQdT1nYk6pr46YXNs3FEyL6ZbH2aZT5NKJ1GGWjIuchKHeKvFlfiSRuKbbfa4tCmuXMkNXKubaJ5HwLl8vLHVcaK_lLIq16lWmQoMuzGazJ-jTdehicwXUrfvMYJON15RYxwn9ePhhQc1jhUDSmAKkuWmqntQHsBgYE_25KRAnuWZ7URfkjC599B6bOYi1gcvfOVeoVmilXO4q8_jdPxvTAOaAb8LrD2CDICmxV2xiqPQ2ACcUwuL8xCEP9PKa93GLA,SGXYc5iT5y/ETBudb/ROkQ==,15e38fa1-8207-4856-b514-831129e58b23,201075000000
Mariam30404,P@ssw0rd123,dc-08g6c1pif1qhv7v08v28zrdv9,8oVKaUrY0LRnelmZxxnop6/GdxVzdmajbeEa59lkedQ=,0002SmJAmj7c71QP1BfYI8Pjv4p5HJonJIK6g6H3aAWRrVZAxFwB50EkGfA1Wu55,MFkwEwYHKoZIzj0CAQYIKoZIzj0DAQcDQgAEyKcYcPoxOJSbWRmu+V4HTVDU58xDV5Hg0G0m7sbn8qLOnHbqDPcDEy+3ttrFGtXVfar12/mqg+0N29IqMcstpg==,ewogICJ0eXAiOiAiSldUIiwKICAiYWxnIjogIlJTMjU2Igp9.eyJhdWQiOiJodHRwczovL3Zzd3NpdHNzb3IwMS5kZXYubWRpOjQ0My9hcy90b2tlbi5vYXV0aDIiLCJzdWIiOiJkYy0wOGc2YzFwaWYxcWh2N3YwOHYyOHpyZHY5IiwiaXNzIjoiZGMtMDhnNmMxcGlmMXFodjd2MDh2Mjh6cmR2OSIsImV4cCI6MTY4MDAwNDIwOSwiaWF0IjoxNjgwMDAxODA5fQ.B7LiY__NH7iC59QtREbu4gBvTbnsGCVTqwFL6RDK_M5prGZF7Vn8XvjO6-XpQbuQpZHZ76zMJDG-ujeUPEEACUOg-SsSrQQdN5_41lS0Uf8mBCdYR4j3RQ9pvodQwWV8BLREiIuYCpM-gNSQXNuVgRs8BPDjo0R7wgCa5ivIVtRU1wnPb-6_Ul6-5LH0V4AJmR8GrzYGtTIiVbUz13kVQl4RBJuDLix-Lv2SLapVJTIYk2qviy-BgOItXrDqa_NwKeonHHW3FlLixf-LNqcahhgeNrZ4Jdm-HDwjKb_UDuSH8pOKlvLqJeSVwPVZmHGENHVRAPvkCPnX-lzXbyRB2g,hica9KAr7+FOvm1BWM0UuA==,445a7ffd-ab10-4a28-a42c-e3b9233d9d87,201012000000
Mariam89187,P@ssw0rd123,dc-d4ly5l9oaetjlmdisstbfxksj,S5SqPVXTxF1OaTxNkTLbtFKnf7k8fjZlgd0eGjTLfFQ=,0002N87CQYzg5ZqJPPIYQ48dk4G5ckmx5LuLQHNSGdgVc5wVnnikcWrQUkizGuWV,MFkwEwYHKoZIzj0CAQYIKoZIzj0DAQcDQgAEPhcMG5owBMof087rty5FMDouzzsjbixM7N8MHYeIG81eGwluYh7rg1c+W/y9awWXEd4Upb4KTTraIbtAImsgCg==,ewogICJ0eXAiOiAiSldUIiwKICAiYWxnIjogIlJTMjU2Igp9.eyJhdWQiOiJodHRwczovL3Zzd3NpdHNzb3IwMS5kZXYubWRpOjQ0My9hcy90b2tlbi5vYXV0aDIiLCJzdWIiOiJkYy1kNGx5NWw5b2FldGpsbWRpc3N0YmZ4a3NqIiwiaXNzIjoiZGMtZDRseTVsOW9hZXRqbG1kaXNzdGJmeGtzaiIsImV4cCI6MTY4MDAwNDIxMSwiaWF0IjoxNjgwMDAxODExfQ.grMU_MzvYeb5p6Cr4NBUjB9CVBxHGtMz7oNDi6evuFkQ2EZAcEdq6KyQjuwlmtC_9apVzgUgygANbygshTt10CwognC-xv0w147Rkbaw4dgekiKaoFWRuCgu0hHBXhkrPbm8peU1MlqSfqQIK20hJFX1hmTWfCRivHbqjO8E6E6osNEF9UrUpKkenMeuwbNvgezFCctIlk32guSrrSWqkjoSbYZ_E0x8xpIg4UI9KNxvXxaCYjixgUm9xbHY9f0yyjULNQNc61Rct41eDLXGcRBMqfWD_vF8TSOuvP1fRSiVOyYXqOW4dcE-Q7v4cjVgxmKdjGB07iFRd29_HuxGVg,omaf5LeCeUQzt3zMIqn8QA==,9badb6c9-4c80-4881-844a-ab4b574085c0,201000000000
Mariam30545,P@ssw0rd123,dc-nvsm5jsddd3z278jvy2t138e1,lxBDO9E+K5YMbYmPlJadC63Ov29wZe/87dux2tJ6naU=,0002Wqnlj5j6LJYMxNoULLUSO38YA9Ygy6trnUQXmMPk8XEXqGzuhuJXl2cyzdNy,MFkwEwYHKoZIzj0CAQYIKoZIzj0DAQcDQgAE/thaVw9kskjJ/8XD7N3ALrp75iB//FtTCjPgBp1xlNkd6JnJPVaqNKMk9ucNXDnPXFQC+8tu/3smkaQP3qCljg==,ewogICJ0eXAiOiAiSldUIiwKICAiYWxnIjogIlJTMjU2Igp9.eyJhdWQiOiJodHRwczovL3Zzd3NpdHNzb3IwMS5kZXYubWRpOjQ0My9hcy90b2tlbi5vYXV0aDIiLCJzdWIiOiJkYy1udnNtNWpzZGRkM3oyNzhqdnkydDEzOGUxIiwiaXNzIjoiZGMtbnZzbTVqc2RkZDN6Mjc4anZ5MnQxMzhlMSIsImV4cCI6MTY4MDAwNDIxMywiaWF0IjoxNjgwMDAxODEzfQ.V6kK3Km98Mn02NgaRYteBgSFcMt7MUr7eTSYM1vY-SMNE2d7pUAi95bZNVIdHRFnbOUW8sPqyJe6PHta0cJdFQfQ_ZxkPmf6O-vVF1ovQ-Dmwdl3jkMeY5U18uQQwWSE9XYzw8FBwLVZslwOweRgou0gKOsC2UqppHbz0gbojRwF-31T1fZu0FsJVso0Se7lTCbIESivG3iK-xnmXSQ61Gz9USIXxo5J9zYq0ifPjbDU9na9lx8jUSC70Gy-1iFNYsJTHnxzp3fFnhq5KGyTyG0i6dmmw81-rcWSMygwx0x-FU6LvO7DQGgQp0__4XZiJ9beWO77CQp4VdPE4bdpWA,ckb0sKIhOghEOaR+SPzecw==,82fe9476-3127-496b-a35b-d556c5411179,201088000000
Mariam28625,P@ssw0rd123,dc-egklxhtb3739vmus8ux8aia4d,QuyZ2/VBBxtjLUJjrr9mBIuIb/2es5BQd1Jtyp3sQ78=,0002uIWfShxRoO4GUSKFIuZbe0QuSyvXtgntdn6CuKZXt2xAmYbHmJ0tJVzjVEFa,MFkwEwYHKoZIzj0CAQYIKoZIzj0DAQcDQgAEVWA7mAudl5esj1X+3dtB9mrHjHm01gJ/eD+C4nosVJlDZ3ZGtLmCmeS8UQU1VQlrGufSrB2+Q4e+jm/+EoBKxQ==,ewogICJ0eXAiOiAiSldUIiwKICAiYWxnIjogIlJTMjU2Igp9.eyJhdWQiOiJodHRwczovL3Zzd3NpdHNzb3IwMS5kZXYubWRpOjQ0My9hcy90b2tlbi5vYXV0aDIiLCJzdWIiOiJkYy1lZ2tseGh0YjM3Mzl2bXVzOHV4OGFpYTRkIiwiaXNzIjoiZGMtZWdrbHhodGIzNzM5dm11czh1eDhhaWE0ZCIsImV4cCI6MTY4MDAwNDIxNSwiaWF0IjoxNjgwMDAxODE1fQ.OLA2gWH7hZB5daWDB6AC7BuWQGadaa3Vi4ulCi8YZ4rMMK0lpcJiMjUfkO84kJ1ZAT_Bh9v-P31OA5Uzf3kMAm5DOc5CU6lgYrCoxDKPasSlW2QhevOHBcYwJuLc1zYjByWzVin7oclrU0zD5Pw0RJV-4q9vX_COOMFGs8OfEtoeKus3iUZJLF5Okc6L8qLCJPOikhGSTpk-5DOm9ITsM1LM-JuJFfpuJmMu9TbnGoIHTgCqSL-wZaXzOO4yRGQ6uUUFaw3w3GwhwH61-sJW6fiCd-Kb5oN9Ps73_Vq4Z40fgrE53_3JeIis6Pils0gQc1EKwn2Qpnz2RHkpIgieAA,uRocfhmizKn65z/XiZ3Q5g==,6cd91378-8849-4430-8020-e8af0d865294,201033000000
Mariam40415,P@ssw0rd123,dc-465fw3tkgucrou0staaqjkf9i,VWERfjUEuapkEpX7t/WYR5vUztHHIgWM6vOgg+EST30=,00021CGUHgVAsebsRi8Vs2PjjKdnPGkutK1R3MbQLgbLiGkJuOr1Dd8IIpGvweH4,MFkwEwYHKoZIzj0CAQYIKoZIzj0DAQcDQgAESQHhzA6A+wxIRiIWWsJ/Xuev4HOp2NEKj/CiXXcsMQJCGoBdgasMWUV2wydoNowhDWEhYuQFwfQsodu5XVfbQg==,ewogICJ0eXAiOiAiSldUIiwKICAiYWxnIjogIlJTMjU2Igp9.eyJhdWQiOiJodHRwczovL3Zzd3NpdHNzb3IwMS5kZXYubWRpOjQ0My9hcy90b2tlbi5vYXV0aDIiLCJzdWIiOiJkYy00NjVmdzN0a2d1Y3JvdTBzdGFhcWprZjlpIiwiaXNzIjoiZGMtNDY1ZnczdGtndWNyb3Uwc3RhYXFqa2Y5aSIsImV4cCI6MTY4MDAwNDIxNywiaWF0IjoxNjgwMDAxODE3fQ.PvadpNXNO_SurgxceKpAW69iOdwTGNNb0BaAUwS00pnZUVtiKkeRajMlQ3Y-eUfgLaJ1zzKezrL1_Uw5h4_0paGtg_erY-xPB5lEfL_hhvO8OsU5xebEGXGsupbq-Tr67vMPILNs1UbAqR3zyBhl16VnDTY3YkOgroVwlkmb7K2DflRJhsMx6radD8aGibvkFG-qiFVQilHC0FlwGHX29SPqu92vbtHv_vSxXirQxl9HCSSgqzRCLpkbH03YSBTcafRqU_M72R-OXmwe98Wx3FE4bjCCYbrt1CDB_dHeoXg4Eh-Dnp-tNC3gzp9SLfX9eftkOECTOKYsVMWbWdeH3w,xxrq+vLBq8ti6B0LIvEJCA==,96fcc55c-0c7d-4be7-8929-4c8c55ae833f,201080000000
Mariam46323,P@ssw0rd123,dc-k7s2q2u1o05gcvdg7pt9szsop,DmDPy1M8eYJxSRc628xFOOSK4dtxg92B4aoDbW2WniU=,0002aqSw0AFoGZCsVE930b7syQo4BZYOckblGcFE9ccfhwFnFDshYpELt3V6JFSW,MFkwEwYHKoZIzj0CAQYIKoZIzj0DAQcDQgAEAXq8eQnDsM5yFp+JZvJaEvzm7DYy/3z93aGQLNfz2HMBd/DhtNAuuvFfDyh3NCuiyrURK1fIm/+NvFQOW8uI+w==,ewogICJ0eXAiOiAiSldUIiwKICAiYWxnIjogIlJTMjU2Igp9.eyJhdWQiOiJodHRwczovL3Zzd3NpdHNzb3IwMS5kZXYubWRpOjQ0My9hcy90b2tlbi5vYXV0aDIiLCJzdWIiOiJkYy1rN3MycTJ1MW8wNWdjdmRnN3B0OXN6c29wIiwiaXNzIjoiZGMtazdzMnEydTFvMDVnY3ZkZzdwdDlzenNvcCIsImV4cCI6MTY4MDAwNDIxOSwiaWF0IjoxNjgwMDAxODE5fQ.Kk3RCUWkjI5gZh4qoBcoBVl2U4pSNdkKtoUzBFzqLsf4SWpXwOAQhOmLG1fIcIJw713rbdW9NFIPRn-9X5A0aThOVql0jQkwfxxAYfvLVl3YUUEYCQ52HGn5E9D3kwLBuGVGq_vmlRc_LmabIDg9L-G4v0lfJdr9l_5DGEmb6NkOGdd6ZdQ_N_mE0PLFr3cg1BFsyVNz82H4TZT9klsXss63sKanXJAOTmABROZ1-E4mIQ666SsG9h-RB53Udn5uxECWg0LmOXTsLR1Uui2Pi0-_o2arOkX3nS_ewFf1UndsmI0-xeAfYVGgS0nOZgteTghqTEvvIe_-9s45sKvzfw,EqPei9C8u1IktdNvg99CBA==,029f2e75-c96f-4049-83bf-c384cecaa32e,201072000000
Mariam88871,P@ssw0rd123,dc-mtwij01fwtlwa033698fze5dt,o/v60+KJ2fWM25a3KoH4XHd/F/MQBx7qMpbDWKEbe6Y=,0002SQCVc4swOTH9wMyTJq9N3GOSnYn1YJwD381BHB8BEds0g8gE4GCfy0AFVwd8,MFkwEwYHKoZIzj0CAQYIKoZIzj0DAQcDQgAEELfl5yRMzZ+HM65oTsxEMzuJ3GNJ9MMd5LeTUmCDg2WagjIi8Ez8HMBA7A1bXVcOJXRH68CnzaNPPdsLav+dRw==,ewogICJ0eXAiOiAiSldUIiwKICAiYWxnIjogIlJTMjU2Igp9.eyJhdWQiOiJodHRwczovL3Zzd3NpdHNzb3IwMS5kZXYubWRpOjQ0My9hcy90b2tlbi5vYXV0aDIiLCJzdWIiOiJkYy1tdHdpajAxZnd0bHdhMDMzNjk4ZnplNWR0IiwiaXNzIjoiZGMtbXR3aWowMWZ3dGx3YTAzMzY5OGZ6ZTVkdCIsImV4cCI6MTY4MDAwNDIyMSwiaWF0IjoxNjgwMDAxODIxfQ.FprlSsphjhmPZOppfmcTDe4V1TDnoLT01xtX1f-yfK3ec5bXuiK_bLj1dqxf2TCNSIt_4sC8tTyzjaBa0QsdZQ9Coi1jNiysbJzwSAh_mQWPv3cg-nMa7s-1pdUzynKVELHmIotY0N377tbErn1EMNYH3wAyn69jDGBOhuRg-2xDAx4MuXAJqQxfX4QtAJPRuhbeoIugSxTc0GdUyaP1wpSiFkMe0V3d7m7ZNf7r2tTTeDA0OpdkXLM84OA6aRzgeqeuzm_qpAx8UnZC0JJfT5VkP9L3gNPiYIyEy9JUg2Cp7SXa1kUVOYePCk5h7kvldY_80XD7TuVASGSPBNF9wQ,1Z3OTPF6LoDMF6/7R2eTwQ==,912d747c-dd6d-4671-bf5f-c6f5d8501e45,201011000000
Mariam45967,P@ssw0rd123,dc-kn1kilu78lv02bk4f64n5rl9a,4U0xegNcgSUyFIErUCeZBqR++BPKPfshue++LF2l38E=,0002PpqmRfnNMMaQjHnembMVBDQkcM1GZxVYqX82OZRhZy1VopsNd4skIoKmVwGF,MFkwEwYHKoZIzj0CAQYIKoZIzj0DAQcDQgAEibPpZ9x8r2VPnJz1zTHtw3aby5ZBHsVo5Z2aTjJcqn9C+COUP/G85xQXfa2tmJzRinB2ELnvnaTP5iEqq28EBw==,ewogICJ0eXAiOiAiSldUIiwKICAiYWxnIjogIlJTMjU2Igp9.eyJhdWQiOiJodHRwczovL3Zzd3NpdHNzb3IwMS5kZXYubWRpOjQ0My9hcy90b2tlbi5vYXV0aDIiLCJzdWIiOiJkYy1rbjFraWx1NzhsdjAyYms0ZjY0bjVybDlhIiwiaXNzIjoiZGMta24xa2lsdTc4bHYwMmJrNGY2NG41cmw5YSIsImV4cCI6MTY4MDAwNDIyMywiaWF0IjoxNjgwMDAxODIzfQ.Qaq8B0QZutyfjM-CKXF7YX_l7AAJjo5kou9bthXoXDfNSeE4epLjkscNTeHt3wjwfV5zpc8uPAPfrEdMNFKAyz4rMWrwFIIRmJhYHzKNntyudIZZ0C_pIJbh5wCRxpB3PFe_yKjYSozpusIZoClwpdtBxnPkFpz5-YMvjicu9R2KfBHQ-yszH5NpZlTUUZBVYAT8vuBxyzXX-A-QS89nmsrYdFRZXisJr2MTP1Xcnrgbq4Tti7Rzp3GxfM0QeoJxPcPozYNHUCrxXOyOJqKYjRGFSxynRIXb5UloEQn3-7vEK1HcntsBooP_9eTqlXW6yUgXo7sxsJXID7g51rdC0w,s71x1sY41tv2AbrgCi0LEA==,1d4b21ad-27bd-4bb2-8593-9d4c9918c4a8,201086000000
Mariam04969,P@ssw0rd123,dc-xw2yezrzy7mdqp3lycscflg3i,awE5nYd31CdpC2qUtywR2f06lDtEpUCT32loUt492lQ=,0002UBeT4BwfVQJNSjmGID2KHpSGXUHm70lP4aD9LTL5QrLx9uKrOlnkbhVvZahc,MFkwEwYHKoZIzj0CAQYIKoZIzj0DAQcDQgAEWdmFyFhvF3UCDabjHXydHN58TXDy8qIRt9TfABRlY+uzwo2XbUQZZuYIXivvuFkVmPquieSadpgzZPThgg/rKQ==,ewogICJ0eXAiOiAiSldUIiwKICAiYWxnIjogIlJTMjU2Igp9.eyJhdWQiOiJodHRwczovL3Zzd3NpdHNzb3IwMS5kZXYubWRpOjQ0My9hcy90b2tlbi5vYXV0aDIiLCJzdWIiOiJkYy14dzJ5ZXpyenk3bWRxcDNseWNzY2ZsZzNpIiwiaXNzIjoiZGMteHcyeWV6cnp5N21kcXAzbHljc2NmbGczaSIsImV4cCI6MTY4MDAwNDIyNiwiaWF0IjoxNjgwMDAxODI2fQ.ODSRayN_6uWhuvJ9AdYC7a-Qd1f1cCIMUyoTo4AxBONS4jUHe_rZR74drR8CL5nYunXTy7dwkLaox8AJMo656JdqaW9Dnmr0oAYGz_pINJzXA2_7LOdAHfyhhrpKG5jU-BrbaLB0PJU6xoF14GrWyqkfuLDsJDCcSw2bJ0TblEnVlpN4UrLokB7uxPtPmJuzxslhiYKhvMdkwV_mSgbhlCr5SF9vWpAFaaEMGyA4c8wuDZ9W_62hw8f3YilDE06TYoCYcpHJclCmEVoIh66-s_4013sqkKwRdQKgn9E9FQCkUd1GxmpRtIVZv0bIpFdgAvhmX4POO5IaDWIC0CEvRA,y9OKeHotgLy5BHKKHZMObw==,c58ed2b2-035a-42b0-948c-620e260dfc62,201041000000
Mariam67160,P@ssw0rd123,dc-smk5yykas0fq0fqskd927s6xj,b/e4i7x4w3BKj6y4OxBHrMc1J9KSo2ASvJyAGRtUTf4=,0002B3BtFEshFilpxL7vXg4bnDUT4fKPxvBbx2DJ16JrZn4Ul1vOx1r8Him62MUK,MFkwEwYHKoZIzj0CAQYIKoZIzj0DAQcDQgAEEKbFAJCjbaC48LSL1TO1FybHxF4DLON8q2InrB/xC28Fc1mXwG+6MI9X3cagG3yag91jfB6kaTiz+CcEV7AAYQ==,ewogICJ0eXAiOiAiSldUIiwKICAiYWxnIjogIlJTMjU2Igp9.eyJhdWQiOiJodHRwczovL3Zzd3NpdHNzb3IwMS5kZXYubWRpOjQ0My9hcy90b2tlbi5vYXV0aDIiLCJzdWIiOiJkYy1zbWs1eXlrYXMwZnEwZnFza2Q5MjdzNnhqIiwiaXNzIjoiZGMtc21rNXl5a2FzMGZxMGZxc2tkOTI3czZ4aiIsImV4cCI6MTY4MDAwNDIyOCwiaWF0IjoxNjgwMDAxODI4fQ.hM1ma_msCPLIsRsLbDTWUd8cKrzSgQFgNaQ9kY_jkJ4zS_D8UbqeeJ5CBGX6Hn01D0k9iU-JDZbxrhQPZdD-UAzDImls1id8QBgtk_hpEVZyKvqpT9yfwBsMmjEREnRCboQjgOAz0Rzbpuad5LxzHNYTICK69et1Amm15Nx6Lf5xGF7D-Sm89c-XpoI5hamSeWiTvMOx9kHelw2v74Y_4DV1C12b4gJlB2SOt8IYI0UxYQZMnzA7OtLcXcZmse--pIXBcDNJ5-rO4jV6bYVBradWpTH2NRdcki2aihB5hfRkLCFk9m_t85bxWXPJzKCHr6Zc5EtvfYLrYIUWieDUYg,ExwWB5uW/Qh7n843NaC9AA==,53190bf9-f53c-4183-a44f-30f35cd12094,201029000000
Mariam30824,P@ssw0rd123,dc-18jzt41bw8yyb2c0al40qdp9z,FqoTlVJvtcCXNL/r5nsFnjKN+D4/OwPm5xvWztHx1tQ=,0002WAPKIc223KM0yfOl2HC49yz5W7WMkzMWCNdtl4hX712AnmsAXXbgXKFhY4Kp,MFkwEwYHKoZIzj0CAQYIKoZIzj0DAQcDQgAEDa60YRCPuJ54u3O4gZlHpGNht1MAaZSLkfi2TFXE+4+62PSu/06RD8XPwPbKNDcjEpVB7EmP2Ce3asMR2txoWg==,ewogICJ0eXAiOiAiSldUIiwKICAiYWxnIjogIlJTMjU2Igp9.eyJhdWQiOiJodHRwczovL3Zzd3NpdHNzb3IwMS5kZXYubWRpOjQ0My9hcy90b2tlbi5vYXV0aDIiLCJzdWIiOiJkYy0xOGp6dDQxYnc4eXliMmMwYWw0MHFkcDl6IiwiaXNzIjoiZGMtMThqenQ0MWJ3OHl5YjJjMGFsNDBxZHA5eiIsImV4cCI6MTY4MDAwNDIzMCwiaWF0IjoxNjgwMDAxODMwfQ.LEEvMmR_1I1vqDjcWotCDOWLJH9sGmOVkssPBEEtp9-x6vOrFNtD38Vvc80_CSG2yIhjpgqQSxmDnxjYxQFyRVMZUf1vR5jJxsooAO4WgrYvp6Gox12SfaAFas7yi6PniBKQvCAatHAXx5jq6VhCRk-A3FFFcVrKEAHcJgsXV_CezAv-mBSPIcmMFjUiqgK4ClVWq9IcctzYCqjFH_-DzueGXhwkGT6aYEgJpa1oT_urgUSwgX-9X6xf0pIGGyB-PI4CejHztpdZIIK1Ih7g4tcnlAjxJligDSc1Onzp35gTZ4A4QSClj9wEjKgorBmpY2-zNUvrtSYta-uUF5c5fQ,S1ZDXF28CkGKCoBURrrw/A==,126d0366-ba94-4e01-9f7b-605e0cf00e78,201097000000
Mariam36559,P@ssw0rd123,dc-puoxit7y2hryg4s1vp0pb8gec,k5Ay/oXzSliGsH12NWpJE9l4ed/4HfPn+Lv60h6GInY=,0002J3NVFpsTLhmpA6rk3EDHkCd5qT3xqedAlaiBGoTpfS2iUgK04oHIx7RsUtme,MFkwEwYHKoZIzj0CAQYIKoZIzj0DAQcDQgAE2t21DVphn2+K6txTKGPs+v7efG6/J4nZB22SHFV5B4Yl4evlC1eFTWDoDXJWFE9sL26FP8GzCSV86rIbz1cQVg==,ewogICJ0eXAiOiAiSldUIiwKICAiYWxnIjogIlJTMjU2Igp9.eyJhdWQiOiJodHRwczovL3Zzd3NpdHNzb3IwMS5kZXYubWRpOjQ0My9hcy90b2tlbi5vYXV0aDIiLCJzdWIiOiJkYy1wdW94aXQ3eTJocnlnNHMxdnAwcGI4Z2VjIiwiaXNzIjoiZGMtcHVveGl0N3kyaHJ5ZzRzMXZwMHBiOGdlYyIsImV4cCI6MTY4MDAwNDIzMiwiaWF0IjoxNjgwMDAxODMyfQ.ikEiedQSgfTVPbgwnhFnp_odKuWowr4w_2E54hmhbXNCctiRYU71ClSF2ysny0VmqNcu3Mjr7_vz290jZYUUsqlVOxNnyDgdde5E29pk9laE1GBk12GuHjrARZwgH4M5xQHMYgYwodR_c1AsnfwolafHqcYhRchUbxDYrLdCWkwS49Us0wHt2xjfVnRQ3-mQL4nx6spQX966LGa5FOPw8kjCu2cwWUrK0kcoLzVVBJGe1J_w2EI__eZCjdTlXO4bglcMCNfPqut9TfmFhlHaGMiy0VHNndFA_izWtjO6FljjJeVgVmMwa7eDTe1wYgEfr1P5a_l4OQS_1FdIKJcNPg,whENhgv2geiFvbcH/Ei69w==,053cad92-c83d-4432-9351-b52bb7c70de5,201061000000
Mariam10626,P@ssw0rd123,dc-qawfh442tl7nxstvf6engyuj3,xhbfpVihkk47Md+QJvBiSghe4rwiUl7d7GNhluKK1Cc=,00029CmPeCHBO5kkmavIdKz3VKnuLZS7xzFtIBUfLkN16oIeGNRxxPjA3EkwLCog,MFkwEwYHKoZIzj0CAQYIKoZIzj0DAQcDQgAEAi+3ZVASQGM0BapZxK9732rEGHye1hzB0Vvus5HhSBDbW1QpwLZN+044ZzKlBQ8IYXVHJJ1+jxr7wjF4DisSNQ==,ewogICJ0eXAiOiAiSldUIiwKICAiYWxnIjogIlJTMjU2Igp9.eyJhdWQiOiJodHRwczovL3Zzd3NpdHNzb3IwMS5kZXYubWRpOjQ0My9hcy90b2tlbi5vYXV0aDIiLCJzdWIiOiJkYy1xYXdmaDQ0MnRsN254c3R2ZjZlbmd5dWozIiwiaXNzIjoiZGMtcWF3Zmg0NDJ0bDdueHN0dmY2ZW5neXVqMyIsImV4cCI6MTY4MDAwNDIzNCwiaWF0IjoxNjgwMDAxODM0fQ.RN1dUkZDTS91jzM8Bqf6UCWO3M4OdXLHWHQwCTSrvM_ojWn7rDSYIzZck9haWuQlD1SU8JeCGWQYIKO76QKJUYDp_by3L_ibkx03LKrD1q-xh1GUAaWS__hehtREsI40PJzCtXtMZ2kVcC5N0GAT1IyWdhaHqXDM5U1DRZxmXx1_Gcl0-zdHrWxoyAZj1pADoFby5aGhXq3xV5KaBe9hG-A1J3flCQq6kW_rjs46RVWuegdPzyyqZush4Di_lm3L5qTTEfKo9AdebchUdeOKf557LuM1-JiUe-40Xxfo6tNp4mTDI_EZg0FFzG4hIgVZ5_TJgjOVzioH7lOJ2m78FQ,Ch+ciVsMveqMDhhfl8yrsQ==,89ed093a-0505-4472-a011-67c3dae0b8e4,201058000000
Mariam58036,P@ssw0rd123,dc-ladijj2sk2ku4tfbos7tvj727,Y/H6g2RF3Miwmal1URcC63vRbdfBpDk3jwH0CTXlUno=,0002uJnUZ2FZ9TK8qafQGvid1kcaFhWBaXWvjNH9yjOwhlK06q80U1NIFxfcO6Mx,MFkwEwYHKoZIzj0CAQYIKoZIzj0DAQcDQgAEgNuKp9RycfMm6nms9vg8JhdWbsqHPzZvHTyNMe6CThvryhHTuo19K18eU2T9y/KvIOrU++hPOW7GrNGhOOnDLA==,ewogICJ0eXAiOiAiSldUIiwKICAiYWxnIjogIlJTMjU2Igp9.eyJhdWQiOiJodHRwczovL3Zzd3NpdHNzb3IwMS5kZXYubWRpOjQ0My9hcy90b2tlbi5vYXV0aDIiLCJzdWIiOiJkYy1sYWRpamoyc2sya3U0dGZib3M3dHZqNzI3IiwiaXNzIjoiZGMtbGFkaWpqMnNrMmt1NHRmYm9zN3R2ajcyNyIsImV4cCI6MTY4MDAwNDIzNiwiaWF0IjoxNjgwMDAxODM2fQ.RmNy9znmQnMk_Y7FNV6y5tWe-d2LCCv6AshE4Yx2WOMQZXwLtlJi1j5srKcB-TKFO-Sl0eXPZF8SOdf200MFc3FIeA2UOL66UXgVCm5jztlt-AGud1gf9DFpVEPzXxArL4lzFxzG7TJUTqDTMY_pMQoqB4Fm9jG21IgjYg0O7uRyVWJzaz1zGnX27n31Lm_3bLVOTjIAqqBmf4YY7UBncmFuF80jWqxlZt5TX5DrUMoH9Ooum-jDmLB3UcUqwUlFobBjmi-DSf4w0tl7t2aY8THJ01KUxANyAmPHlSo3IIqCRSqmV5Rfy7qZ9d00hdTP8KIwfnNX9B8kLKlu-x1u1Q,y92CQdbqPSKD3eafD7gpmQ==,f04c608f-4cdf-4ee5-b87a-28e223d69b36,201068000000
Mariam16365,P@ssw0rd123,dc-08m9o2gjwn7c49vyom58lvggh,90zFG2tedcSbcKbJDywH7thXSaR6xbIvAad/TOljhro=,0002skUDSCcEVKoadQJigJf7R30lLp8Y0YFR57ISx8c0rcTxoujhiM9zkvf4QiLk,MFkwEwYHKoZIzj0CAQYIKoZIzj0DAQcDQgAE1V8Et7PT5hpz3JRTYAEpJMbCEudi0xQGHOEFa+kGr0gt0CCY14ayYcwjz37Q7/wX48J/XnH89THNvxDg5ehSJA==,ewogICJ0eXAiOiAiSldUIiwKICAiYWxnIjogIlJTMjU2Igp9.eyJhdWQiOiJodHRwczovL3Zzd3NpdHNzb3IwMS5kZXYubWRpOjQ0My9hcy90b2tlbi5vYXV0aDIiLCJzdWIiOiJkYy0wOG05bzJnanduN2M0OXZ5b201OGx2Z2doIiwiaXNzIjoiZGMtMDhtOW8yZ2p3bjdjNDl2eW9tNThsdmdnaCIsImV4cCI6MTY4MDAwNDIzOCwiaWF0IjoxNjgwMDAxODM4fQ.Ii10uAaM-5DsCk40DPL--Nu96MGVR0i3XlNVRV0-OUIgT7sVB7DAl82Njx82ldcsuxIgcNVWTIsM42ET7mQoRhfN4buc9H6TCo9wLWhwzw9LJ2b7Sv8UC5Uhq5cXEhHbDG2lCe_WCHSAmCC56ao-qygSIBKIvDFSeaCBzNNbYICtIkE3uGLquDx4Xjx1Rjud-6HhBVeb_mJw3EZORXRCwowx6QpZV3qwCeJaaRpaXpMv1HoX1uYc5il2KnXP0ZDm9dsB9H8k60e-YGRn2GAUkNoYFa-YQBV1OIt_OcPF9QzTzFkGRWRrXpJQq0BWjtt8d8-8i8wqYmFG_923HRdIoA,EjCdiDdO8aTbJ/4a4wvEgg==,b2fd9a53-55ef-48bf-a746-52b94bf6c8a2,201040000000
Mariam75384,P@ssw0rd123,dc-bj82pkpjhru8doe12yem0nwt9,QiIzYQYQFDtgsJDbMhrk/a25IVCXD+tIfnq01ZzuDhM=,0002FngNkIlsQIEnBZywtJjM26PVrSSnVmto044teYRihT8MLsKmWb1b1adk5GlS,MFkwEwYHKoZIzj0CAQYIKoZIzj0DAQcDQgAE5hTrSuRe/B/9qi5Og03VXGa2CAw4Gv+daS7pH+3r4H3E33HlQ1xKq+j3rSc3oBG1vFnZYm3ypduUTchuOZfXlA==,ewogICJ0eXAiOiAiSldUIiwKICAiYWxnIjogIlJTMjU2Igp9.eyJhdWQiOiJodHRwczovL3Zzd3NpdHNzb3IwMS5kZXYubWRpOjQ0My9hcy90b2tlbi5vYXV0aDIiLCJzdWIiOiJkYy1iajgycGtwamhydThkb2UxMnllbTBud3Q5IiwiaXNzIjoiZGMtYmo4MnBrcGpocnU4ZG9lMTJ5ZW0wbnd0OSIsImV4cCI6MTY4MDAwNDI0MCwiaWF0IjoxNjgwMDAxODQwfQ.wpKYxiIZ8DeSB9IdsLxMz04stYKogXV60VJvSulGeHPLR5U90MGqQyGBQrxu9kn8MsJ7NI_ED4Om3-HrYEQrRsOFIr3HM3Ai7cmYJPfh74FORtxr9MTVaN7Y9vnGRZmRXP7J_UfGTltmCZIdvjodqnNgKUHLIdbim97g7o-VEYzGSQF8CAooZFGkvLfNt0FhPwWUwAxKz7dTDzO9z-2VK_7BPHllBMLCEbZ3JK5Xg_Q71ijEDWgDhbigtdSOsEtZzXkB3syJOaujVKLPkTFMa8TXgJXWVXEPcLqysilX6uje0VX5Kn9D8DZe_opQbFzURs3dbvULoCekh6POEli3Sg,04AXS0pWPwQlgI/lHC6G5A==,c8aa2c3a-a90a-4657-a09f-407600164107,201002000000
Mariam66791,P@ssw0rd123,dc-2n1ongszxy0c8qew2fnywip29,j6iFz/q9y+1TwOCV/xM+uhMCJS30Ej7iMc4+fSFeSCo=,0002qRnc22OWEJGPxORoOsqNnt4GFOnmuWCnJXotYWRGjwqcNl9fjNv1bVSFmAQQ,MFkwEwYHKoZIzj0CAQYIKoZIzj0DAQcDQgAEe/b9f4ZLRa5XJeACzO6vr5uezmSZ81vrIlvUb4X2GvgyXB/od8qemJoV75TZezjwhtlFgYDoyDj1/utTKgxCDw==,ewogICJ0eXAiOiAiSldUIiwKICAiYWxnIjogIlJTMjU2Igp9.eyJhdWQiOiJodHRwczovL3Zzd3NpdHNzb3IwMS5kZXYubWRpOjQ0My9hcy90b2tlbi5vYXV0aDIiLCJzdWIiOiJkYy0ybjFvbmdzenh5MGM4cWV3MmZueXdpcDI5IiwiaXNzIjoiZGMtMm4xb25nc3p4eTBjOHFldzJmbnl3aXAyOSIsImV4cCI6MTY4MDAwNDI0MiwiaWF0IjoxNjgwMDAxODQyfQ.UaNYdWoK1woxvUlm4BwbZWZO_1EMDFQ8Yvc7uwN4O_aJaJqQOI0fzJeWg_bCKYYRMTGQqOzSbDBFVVI1t4ZiEg_3M3gkr8RtRnwh5VAu2xk_A1RoWGVPyP7meOQpVns1cY_WrUSlQUoI3rOTPrh-OYV2bHXBq1EXDpHS-JMUeWwX33AOqex2DHw23aCJoD6EzoL89jdrbPICVTmtVH2XlF4zgtSIJPfYePwQshx2nCRnEJ2W6DSe455i69atkxXZhwRYDWeZSW9vFPYOm3CEJubmTO-L1Fd-RS2OYABhiIFFmAsDA1QgUYaHCGtRlnUl4IjZWRkIxNG1vjSna7TOlw,PDh2570DhLo1Gcptb/0r6Q==,23c7e5f4-4dd3-49d6-a439-2f88f88d4e76,201002000000
Mariam14624,P@ssw0rd123,dc-yuejnp08uo87m2jbbm973skso,MhB3TijcASgdDl+WEnWNxn3cpgftW4Hc9gGyhYEaL00=,0002WmqcQEQxvC2rxwnV6JTaAhTExrgP9HzdYc6WSv5tDvWiYYqn3b7PErC6tTDe,MFkwEwYHKoZIzj0CAQYIKoZIzj0DAQcDQgAEZzL7EV1mSpwfW/I+8qNqF2H5SByS9ORCRBDXX0bdqF6iyEXSIBL9Nl572mo/almoPS28GWXEgzx7Z64FDL/fFg==,ewogICJ0eXAiOiAiSldUIiwKICAiYWxnIjogIlJTMjU2Igp9.eyJhdWQiOiJodHRwczovL3Zzd3NpdHNzb3IwMS5kZXYubWRpOjQ0My9hcy90b2tlbi5vYXV0aDIiLCJzdWIiOiJkYy15dWVqbnAwOHVvODdtMmpiYm05NzNza3NvIiwiaXNzIjoiZGMteXVlam5wMDh1bzg3bTJqYmJtOTczc2tzbyIsImV4cCI6MTY4MDAwNDI0MywiaWF0IjoxNjgwMDAxODQzfQ.Q6TBvgD_f30_ZTcRn5PbgJ7IEVbu13PuJycjLucHllU6xC85peJQRhfPiU4cVLB_DN2wFS9opbW-2OvR39-IDKjR_voww0LKZJnOYHxd1oy51GVqciaZVfraKe66SioKYiQV6pVYC89XL4YiAvjt1MoQWdsolo8oJxoo0po5LDjdf_7cbz3nPeoXbrL2GX4lkfhzj_oK1zyOw0nDy09kWbnrjoxgHSx-1YoP1aONPKqk6R2QhrHfJ2UTl3W0tY1lxdFcEjI7C7nXNgvOpZ56cvR1hRrQ1Ij-irj4pH1gyHrnrbQBqICJDY0b_8KOkivs1Ye3lpshlPSNhYycLuumxQ,5l7Vjioqb6sHNUGwDkqSNQ==,65863748-d0a5-41db-a524-b119a9d38aa1,201023000000
Mariam31873,P@ssw0rd123,dc-p23lynzh9buboy5f4hxhhp6yz,TYVpq5NhmE6XKONC3gZw7apQ4BS70OqW6kF1WPMJoMo=,0002wP4RPbgtSUtKfrAeuhLUCHgAyFXDyi8649QVzoIOyA7gKj5hLXSueiswSsV3,MFkwEwYHKoZIzj0CAQYIKoZIzj0DAQcDQgAEwlkLPhlI3LN+iYuJP27AG+yhVw/oIw32BrR6Xz5esKTxR6FViAhI+MQ4n6bP3HaRWFoiJect6CLLegpxj528Wg==,ewogICJ0eXAiOiAiSldUIiwKICAiYWxnIjogIlJTMjU2Igp9.eyJhdWQiOiJodHRwczovL3Zzd3NpdHNzb3IwMS5kZXYubWRpOjQ0My9hcy90b2tlbi5vYXV0aDIiLCJzdWIiOiJkYy1wMjNseW56aDlidWJveTVmNGh4aGhwNnl6IiwiaXNzIjoiZGMtcDIzbHluemg5YnVib3k1ZjRoeGhocDZ5eiIsImV4cCI6MTY4MDAwNDI0NSwiaWF0IjoxNjgwMDAxODQ1fQ.eg6LRAqImyJk2AsaVuqpvFDfFcHuDjUam1BFttIUWLn6MnMYeC_W8xNpSbH5-S3ELnfyML_z2tnGXk6s0C1wVYUuT2eliEccy-m1otZEY7jJadUoZYFeJWPwhCMddHnjrJ8heeG1wmnBMbCYNYhkW_nZ9rAMUSVC_Q8LD7uFqXtYU_s52-B6mAEWWIL7QzKnlFOonfvzPzZs30IlHXEd5OG_y0-3pEX2EZ2Lx0lKo8J_LXDVAWqFpn2c1B5n-b9TXE7aUX0U-G4589z-mnPBvrSPNd8CansV1aLFNtZijdjVwKHEBLBgyNBd2VIFQ_987y02NcBo4nkmCsZy62vVxQ,iSkQAAL4c+ho9+zR07SlWA==,b55195bb-b2be-402e-8dd6-fe60b6e99d70,201071000000
Mariam79629,P@ssw0rd123,dc-3mm63ldnjfpd7cr7hhtb13z2u,bKKHBtp5Xa5fdX82vGNBOMugLyRbuoadto/fVzLRVL0=,0002CnoQ3tEZ8rtvAWB8I1CAbF1dLjSGgiY2CwHzHn1NGFN3TAIkPw0AI9Ce23K5,MFkwEwYHKoZIzj0CAQYIKoZIzj0DAQcDQgAEmcij+loNmLRONMMdo71rpY4vhl9+aD7OJW61VKxbAxr6PPiMHVDqqJ+A+s0qOJbEvhwjaBsopLToPmnB2qZavg==,ewogICJ0eXAiOiAiSldUIiwKICAiYWxnIjogIlJTMjU2Igp9.eyJhdWQiOiJodHRwczovL3Zzd3NpdHNzb3IwMS5kZXYubWRpOjQ0My9hcy90b2tlbi5vYXV0aDIiLCJzdWIiOiJkYy0zbW02M2xkbmpmcGQ3Y3I3aGh0YjEzejJ1IiwiaXNzIjoiZGMtM21tNjNsZG5qZnBkN2NyN2hodGIxM3oydSIsImV4cCI6MTY4MDAwNDI0NywiaWF0IjoxNjgwMDAxODQ3fQ.Q4gw4MBkcQqqJBO0a419K5XzKrvFF_U4_aepC2MH-rC8B3whlFJGlYSD8vG2JOugkngvs61NjiPONQMGW44bcByLic1q2pDsTD-CyBnAsCOBb0vq1nzzg0O0mB66HeV14PInEn_R_KCJjnZBF4HGPv5dvG71uwtOzRFTu1iztSVye8d5UMrdNR2a2Jz5Jn-YoYQYjauiB9s56vQiJDDlqTCNocXA7kKVe-rNeEK4jmKh7bX8fPx1NyCDW47dFmN0Un0URhZSRjXNzAX4mtGGfC7OMUGXzQBbpNHdTbvQJqqzPPhoj608VV6RwoQCQp7YKqSzKJw9rQ5IHfHFS894Pw,yukZIE9Cxsp238FOT8r22g==,390e8051-11c1-4226-9cdd-277d1af0472d,201074000000
Mariam80653,P@ssw0rd123,dc-j3eefj985tsprz83y46dz7a8r,ALeZz6rz92hae7lEZhEb+UzYh7TPaQG+SAjHPE5ZmwY=,0002ejungXmzrpqWiakPmKkZT9oOmDRXYbcvx0U41i3lgYwhLCMq77gZt4dDY35b,MFkwEwYHKoZIzj0CAQYIKoZIzj0DAQcDQgAEKXubyATrNmOQ8eMCNebc/Abv35uFyMB7wva1VIpm0OR39+/l6yOWm/JaKmYAQSnWGt05aReRPrUOlFpKgf18Ww==,ewogICJ0eXAiOiAiSldUIiwKICAiYWxnIjogIlJTMjU2Igp9.eyJhdWQiOiJodHRwczovL3Zzd3NpdHNzb3IwMS5kZXYubWRpOjQ0My9hcy90b2tlbi5vYXV0aDIiLCJzdWIiOiJkYy1qM2VlZmo5ODV0c3ByejgzeTQ2ZHo3YThyIiwiaXNzIjoiZGMtajNlZWZqOTg1dHNwcno4M3k0NmR6N2E4ciIsImV4cCI6MTY4MDAwNDI0OSwiaWF0IjoxNjgwMDAxODQ5fQ.EEQ7u2kLmtW6h9Vz2tricAksG-eJM8Uq0sVoweGZjD8niaADDD4uCL_5z993VvVDu0LJxESXGHDNSmoCtSeS9lLVAhvkAIyL7YhvOzU7-dVHeUIU-hHsAv5sGdy3p-k2wwI1cjcNNKAQ3YM7LsDYqCS9EqywrAUqqXl9O6R7A9CKfK48KbUdCDp3g8vpsYbx5Z9n_S-vhuQi9dQoPQCm106HMVPOL5MgXw3tYwKeWIQt8MHXM1G2C0dBiSZ0b0t1UvMmK-2P-_v-JdiGRctJXta0uk84oidP6Ih2jLKBQGEmTm1dJQjpkj_muMJiPKY99U4GiKXJldIJl6g0v3lHnA,4mJFr4l34gMyELhKQvZHEA==,9fc31661-ef4e-47a4-bd5a-3879b8a1ed30,201012000000
Mariam76474,P@ssw0rd123,dc-y40szdfxdi105plvvxz00m878,ChMD6agj1DUv+zIIoAyE/EKn0ej5ewlLOFtAFoL4tGY=,0002mIlhNMkIilIo3wz9X5KBF1qCOCgmf2W8782bslzXgu6Ps8HNc0L3D8QdJzOZ,MFkwEwYHKoZIzj0CAQYIKoZIzj0DAQcDQgAEL6KP1w6JVuhaTiqHwVCnGoNo0rdRqeCgQs6bnxAIYzHVOViiymhKrmxY4i++K0sujkCMEfL1llcAbFfl4k6Mkg==,ewogICJ0eXAiOiAiSldUIiwKICAiYWxnIjogIlJTMjU2Igp9.eyJhdWQiOiJodHRwczovL3Zzd3NpdHNzb3IwMS5kZXYubWRpOjQ0My9hcy90b2tlbi5vYXV0aDIiLCJzdWIiOiJkYy15NDBzemRmeGRpMTA1cGx2dnh6MDBtODc4IiwiaXNzIjoiZGMteTQwc3pkZnhkaTEwNXBsdnZ4ejAwbTg3OCIsImV4cCI6MTY4MDAwNDI1MCwiaWF0IjoxNjgwMDAxODUwfQ.Ssf1zPtIOpX_G8qkHt85VzAorQrqRqwh-a51DJtc9O6f-emv2lAfKr1gsq1yE6QfbaYEqx0A1ho7npXAfUCeuYXT7-EoGeXnjUcPTdYuHjmwwLE1a7ki-UlovFEBoKfQuDhXeAc6MS8jsnc6eIyB3ItAXT27ZcSHj3D_WwcOXNY_Gv3cz9Zzc9JtH8DECsjKll_VSDxt7jQDJttVKcfO8Q8cZ1rDf0bIuMgY2IH-TI1eNYdG2Jgqzy2p3UFZFLwqTlNouSEu35Dp-xfyTXyRp8cMVjpSgf_soAegmre9U6jLEKStHTqm_HvHmX2niVh84CezlxvO2fTViP-XCXudjg,hzB5bKW5qP3mYE2qF0JqfA==,3177fc71-0a3c-4b78-8a7c-df7303a3c4d6,201080000000
Mariam93646,P@ssw0rd123,dc-7bqfjk4ojb56ijqzb8bphe56n,I4T/8FTJ+3hgYrnXkhLmatsv6lzc0ban8Ppa6bNK52U=,0002W47iNP3NwFdV1DpnPBgK5j1kjs9CxwIEP0WRxSxYe3d9c50n3wT1ioJ9IaPm,MFkwEwYHKoZIzj0CAQYIKoZIzj0DAQcDQgAE0mKFyb7mRyDi2/ugtLxE9pOgOi968fQ949Czgmz4mFCsArLT6sxZAQQxi729x66vLcjiZmcISddcmzwSJZcWjw==,ewogICJ0eXAiOiAiSldUIiwKICAiYWxnIjogIlJTMjU2Igp9.eyJhdWQiOiJodHRwczovL3Zzd3NpdHNzb3IwMS5kZXYubWRpOjQ0My9hcy90b2tlbi5vYXV0aDIiLCJzdWIiOiJkYy03YnFmams0b2piNTZpanF6YjhicGhlNTZuIiwiaXNzIjoiZGMtN2JxZmprNG9qYjU2aWpxemI4YnBoZTU2biIsImV4cCI6MTY4MDAwNDI1MiwiaWF0IjoxNjgwMDAxODUyfQ.iYOD4uJ1isfqzKSoGCoHOfyiY74aEx0S0JN90_nys0dqOfmFvCZOwqAw8y8-d7zx6ZQd5NSlJh0Zvbm0aHKc9aW1N2cRVlWDx8VTTPCpYGi4dfyY3hTqyNbRd5L-9mRgEhNgVzWIhjdRvs9VIcZEOLiZKgTdotiXjZG6u9UMPtyQ0GuYl_yqhG--q__wg71nJeuAXvDwkM0bpx2bm98BqwYZrF1_5-LuJ3JJgw6otko_bAwXO9Z4S6Vl9xEbV9B_baaJku0-WUuc5MyShqQDVxIJyf8Yhi0dkDNKWRKeRaACKpyPU3O-I01Ca-Hj5Ub3GDk8jV7Nwv73oQzYzxcByw,rEM0oAxGlN+gJY7bF+IE9g==,250c4ff9-4b3f-4cd1-8b84-a2f74a0cbdc4,201080000000
Mariam21062,P@ssw0rd123,dc-nqk2p21ifywwuopj3qt8rw9bi,hCgvT175QtOLaSOJM3jaevyaJHpos4liwYNQKsfU9wU=,0002dDHSn4ozeChn4CIdotxtIgZmm1vKW45NB8H3tX9QsH0DlXersYkaVyFPPvCN,MFkwEwYHKoZIzj0CAQYIKoZIzj0DAQcDQgAEgV9EwbvYCgOy/EF6gV8hnA/UCiZloeWgFOFDqQOGwvB6qiuE7tufrgGF3P9WKns+6G/3ZAPKCNnuF2iFIpUiuA==,ewogICJ0eXAiOiAiSldUIiwKICAiYWxnIjogIlJTMjU2Igp9.eyJhdWQiOiJodHRwczovL3Zzd3NpdHNzb3IwMS5kZXYubWRpOjQ0My9hcy90b2tlbi5vYXV0aDIiLCJzdWIiOiJkYy1ucWsycDIxaWZ5d3d1b3BqM3F0OHJ3OWJpIiwiaXNzIjoiZGMtbnFrMnAyMWlmeXd3dW9wajNxdDhydzliaSIsImV4cCI6MTY4MDAwNDI1NCwiaWF0IjoxNjgwMDAxODU0fQ.HUMATQOEL4lJwcc9BBTCEzS1iE6PQgB7ysWrGQega0ZGz4Z_LHMhfgrsdqcx1T0kP4fYRJIpzx5N3XKJ9aGyMOEo0ug40WYzMfZVo0w9RlPAp80au6Nr3YIIQim0_OkedEvPiZ0g3M9WXq6u8RnI0OUqQtCK8GDfikslyqfHfpKm68cgjN2a__ot6ILDj4S4P4Pf0ssdD6_KpXPqReCeH9F0EN9KzeCCnB_vP9L2LdiXOxG1atcX8gE3Nm3LEBnJwF71Us19N6Kz4X2dpEh9dC6cmQYP5hibN0dORUTchiUPulDMz0Fxa1nQMXIPfi9Kng97qMoVn_8CRwvhguK8jw,gwctxwPbzqAvhollVJyuzA==,a25970b7-f9d1-4a5f-9f54-839223847b84,201068000000
Mariam92176,P@ssw0rd123,dc-23z4a08xfm0u9ulwdwidw8qys,E4D+axU57lH8bc3WydxLpZiKLf9VTYX0jX+3k7u2vbE=,0002qNI4a8qmiQcciA52GDgH0Groe91U0IBD4SW1JFJoEjIEwWYW0Buvzaeu4Mjz,MFkwEwYHKoZIzj0CAQYIKoZIzj0DAQcDQgAEKSo1Qu4C2z26MVlWmDSKpEhfHHzK2qf+En5DoUwc4+6smZnEDnrTrQkHIuHbQGJ9/zpu+pmn0XWKqiufqHPAWA==,ewogICJ0eXAiOiAiSldUIiwKICAiYWxnIjogIlJTMjU2Igp9.eyJhdWQiOiJodHRwczovL3Zzd3NpdHNzb3IwMS5kZXYubWRpOjQ0My9hcy90b2tlbi5vYXV0aDIiLCJzdWIiOiJkYy0yM3o0YTA4eGZtMHU5dWx3ZHdpZHc4cXlzIiwiaXNzIjoiZGMtMjN6NGEwOHhmbTB1OXVsd2R3aWR3OHF5cyIsImV4cCI6MTY4MDAwNDI1NiwiaWF0IjoxNjgwMDAxODU2fQ.dst10WUDofuaH7t8nWiIBAU-rqMQrGBxoD_RZqjv9ru_s4i1VUdN1yDL6cbI5vyFSuT4n0KS-c72GK4zBgHD9jIDWCIBxJB4M2s-9oeUzaTYElXpefyAvfSU9h6kujzyuJLZRiPI6elJlEF53f5t0gb9XSvdhdSnRN25g7Hycois2U6Wr3KR3Pk4rnfDYV0p_e8WP3gKM1SOd_CYBxdpWUEKgPb4LszWCTgol4cfUJ8SJqfGucNeJBvauVJoDZbNngP2Cwm19503GuFz0dejyebiWU-ZTBbnvF6xVTg7J0uG2b49MqjpXkBc91Pz-A790U7AExR973ah-Trj3itSbA,yvIZQ5iNBkZCz21FWu+fDg==,fd1ce1e1-ec02-4b77-8e86-8fae8a36fb71,201005000000
Mariam66211,P@ssw0rd123,dc-e4dt4qi1vd9enmasabuq2ae8n,Hs5PIvyOx9e8hpjgV4MgbYCqJnzesP1TwMeCTBkqWM4=,0002pmEV4gwo2hVD2gO6o1kJEIhKOmElr251uxeaAAc6X4kABnSja5OrvMaP3dYr,MFkwEwYHKoZIzj0CAQYIKoZIzj0DAQcDQgAEbtgaFVFN6BEEqwPPvMNufnhJL1uT8rz6LBNWYZ7pZfTGG5zXgYsEWbfj19PQA4z0bGVMxe0gdUk+gBXWQ4dsmA==,ewogICJ0eXAiOiAiSldUIiwKICAiYWxnIjogIlJTMjU2Igp9.eyJhdWQiOiJodHRwczovL3Zzd3NpdHNzb3IwMS5kZXYubWRpOjQ0My9hcy90b2tlbi5vYXV0aDIiLCJzdWIiOiJkYy1lNGR0NHFpMXZkOWVubWFzYWJ1cTJhZThuIiwiaXNzIjoiZGMtZTRkdDRxaTF2ZDllbm1hc2FidXEyYWU4biIsImV4cCI6MTY4MDAwNDI1OCwiaWF0IjoxNjgwMDAxODU4fQ.ajYK5kqetufEAeSdzjJKiwCHNHQ1tPpk-qxih_xvQoB2PgaWbk28mZejtt20O-3xUnMcnQMeV8hP_elIGPUfkTiNoZlGwz2FnbZPJM8rHwfY8WQx05P4W3rehnsALgBWl_Pr_FrtA0--AHaW-1Ty0vNPV_TN2WT0TLYMhP2ZYtSUKVnIAigX87hn61SJ_fBXgRFJgMbPY1SlAaP_v_6iu0ztcOfmpO52zwKLKIxNJWMkMRbqsT265i2pnt7Rg9UnQQCJAvvktJmO3Kz5erlfENKNKm95doP_0pf2fPiY1yYpZ5GlzVfDZRLrb088d3TwiSl8MgFl5cbXfNrbLAHcVw,WCZMENIsysg4wjq3tzJOdg==,3233b7b6-d654-4617-8e70-33d770f3343c,201056000000
Mariam11970,P@ssw0rd123,dc-d7qjjvgkbn41xl6valxb3zq5o,w9Jg7uRFn+utrsiz0XAUvtGaPkrzW0ED4kXqcsGaGIk=,0002sxqDqTv6QoZVrbDs5aBkAoj2pUCKWyaBtmETMh6UrZSnwZ3LAyUxRYLrHKIx,MFkwEwYHKoZIzj0CAQYIKoZIzj0DAQcDQgAE+++OGHk29XLKCC42X2uR8ewPjaiIhU6lE/bKKBlY8Zsh2NCnsCI0v6oz9U1wVxBbVNInaxFYiNM4DQ4RfL168Q==,ewogICJ0eXAiOiAiSldUIiwKICAiYWxnIjogIlJTMjU2Igp9.eyJhdWQiOiJodHRwczovL3Zzd3NpdHNzb3IwMS5kZXYubWRpOjQ0My9hcy90b2tlbi5vYXV0aDIiLCJzdWIiOiJkYy1kN3FqanZna2JuNDF4bDZ2YWx4YjN6cTVvIiwiaXNzIjoiZGMtZDdxamp2Z2tibjQxeGw2dmFseGIzenE1byIsImV4cCI6MTY4MDAwNDI2MCwiaWF0IjoxNjgwMDAxODYwfQ.U38aoDnVMlrQ4XSJmSezirXj8NwVMabpx7gk7bTXTjqW0TDzlYf1nn8PHrPpJcMCXfWvOI06Hklyw1IhFgDmp3CE3oCTIQ_OgFy59oIu1uq860FNqIaTE27Uc2uqlOWnT9rSJ8E7mUgQbiUrEEnroi4lYEOLigHmXLgL4GPFDu0HVGbDQFlMXBpu1Y5DRRolxYmKgh0ehznNOGLbtpUaBIyw4CVGJ8jB3TFG6xywxL16hDpdpmS8suhJIC4KLWtovhENNtgq9R3ZPS_k7xxFPjF9HNYN6HSVvYF7LEmDKWvHof2QN-CYYMDe3I3CLHHWtlxOEWeFMCzaP5ylyO5o7w,aWNWptgDZFN2BWPZap2z1Q==,22a2572d-a0ed-4337-94a6-83fe52f9fa50,201041000000
Mariam03099,P@ssw0rd123,dc-se1vjj87e9pbco6gfwsgwu0b3,Q+85kCVcfEo1OciqS2m5VrMEEEUDooBpuGOWsM6zezs=,0002EtO0rzLSfWyMvjYoWMt8eAUmlmNWkGEFWX2CTKIFC7e0bvbVduAgxYFG2I3f,MFkwEwYHKoZIzj0CAQYIKoZIzj0DAQcDQgAEsc5fKXa5DDb4pqB3zf3twkGwMosFPvzFU2u3m/o76i3w59cFB/xtXeNKOT0AFStR31hZ7SWE4sWPGWTrqJIfWg==,ewogICJ0eXAiOiAiSldUIiwKICAiYWxnIjogIlJTMjU2Igp9.eyJhdWQiOiJodHRwczovL3Zzd3NpdHNzb3IwMS5kZXYubWRpOjQ0My9hcy90b2tlbi5vYXV0aDIiLCJzdWIiOiJkYy1zZTF2amo4N2U5cGJjbzZnZndzZ3d1MGIzIiwiaXNzIjoiZGMtc2UxdmpqODdlOXBiY282Z2Z3c2d3dTBiMyIsImV4cCI6MTY4MDAwNDI2MiwiaWF0IjoxNjgwMDAxODYyfQ.fP3RLHT4Joo7idOHFz5JqYzWlD1PK5b084NSKtpkwzUQL-88JBm3jYcmFHWY0MZ4t_qgqu1G59uhlNX3ewxTeC8mU4jchEGzXkF5_7AHouXsOn9xxl2sHoBTkNsSjkiDbCqmbBqKnBPVKAoYpP3trBGdtUsCgZVVplOycp-ZVH1ZuDuVbEafM7zE0lMBllzWyT5f_i1gALe9qPm5Vv3mkCuN9cPCGwW9IgRhfB_ZwKINsE7Nau0BPzBJ6V924RTLnSBXJdApNQVdblLaSHrN8ujJCetxFmh_VOr2aldRf2PRDdcFJa9LvKPhEgS5_udSV3dNef1jEJqwSRVIW0ea8g,hcKWx12cGhIA4znEZEuCGQ==,72583474-601e-4c65-8e9e-114491078a68,201031000000
Mariam43686,P@ssw0rd123,dc-t4qf3eytknd4dfuu2ztp9v6ek,azvaYom+sS7LT4x158hlk35afYxEITKEG9J+FKmbXig=,0002f1e6pk80Irqh1Czi77UwAv6L8ey1tpGbxKxZqd3HaANNdzNzGfpElbVDvfOS,MFkwEwYHKoZIzj0CAQYIKoZIzj0DAQcDQgAE51Wli6as+hYiPrPfIKYgmfQtAeLPRjuD+OXJr1zuepYC57sx8bfTHbkxeYlfHlgAmo8Z1QVi9moKi+qYL6N7Fw==,ewogICJ0eXAiOiAiSldUIiwKICAiYWxnIjogIlJTMjU2Igp9.eyJhdWQiOiJodHRwczovL3Zzd3NpdHNzb3IwMS5kZXYubWRpOjQ0My9hcy90b2tlbi5vYXV0aDIiLCJzdWIiOiJkYy10NHFmM2V5dGtuZDRkZnV1Mnp0cDl2NmVrIiwiaXNzIjoiZGMtdDRxZjNleXRrbmQ0ZGZ1dTJ6dHA5djZlayIsImV4cCI6MTY4MDAwNDI2MywiaWF0IjoxNjgwMDAxODYzfQ.bm34DFKNJIfj3do5KGFuqqlk9z_cYuQJZi6FI78O_38dkz_JWMyXtZ5qUa1slEPNzGrPIeaAZkuFXA3eEBCl3QO_azOjrrScgQoi0BtvF64u1VDXULUZuy7KPBtKv1E16yyacL62GwMGdOuTr0VQ9sZAUVFstsSnRBq8xX_R5VvIPhnLkWvf85NuaVP4i39wECm5UyZM4YDpB8-z649qJgVypxss90Qwwo3Ok3r35UVkc5_yCFFUP5LfYiNVC5HJJ13Fxgke3ZLGwWJtZf6Gm5ltKzwYwvfwk61DXM6TWvGzwWHpaTnsGdntW4ZomfEVwHkfeQwHIVlv0kBFNNt6rw,YE67PgZXFJ0HFNJe51xhfA==,4da96800-84e7-42d4-9bc7-59c14782aea2,201023000000
Mariam01224,P@ssw0rd123,dc-2ewc2rza5pnju3kmndpab1m95,/wGxL/BoIK2EpC7oPEdgxgcQy9pg3LB0TOf67qRatfM=,0002xsbqJEdotqFwDBro0Pc0BkaKaOdHjB5q1R7NfaxVSBHiEDnVffIaLvi7qjmy,MFkwEwYHKoZIzj0CAQYIKoZIzj0DAQcDQgAE6XONqrsh3es4/sDRFvcb+RZECuvdLxe4bbE/apga47UEROPqZ5xWTKjKx9ueVHj2Etn6Y0ma6Csio811GOgyWA==,ewogICJ0eXAiOiAiSldUIiwKICAiYWxnIjogIlJTMjU2Igp9.eyJhdWQiOiJodHRwczovL3Zzd3NpdHNzb3IwMS5kZXYubWRpOjQ0My9hcy90b2tlbi5vYXV0aDIiLCJzdWIiOiJkYy0yZXdjMnJ6YTVwbmp1M2ttbmRwYWIxbTk1IiwiaXNzIjoiZGMtMmV3YzJyemE1cG5qdTNrbW5kcGFiMW05NSIsImV4cCI6MTY4MDAwNDI2NSwiaWF0IjoxNjgwMDAxODY1fQ.QQGb2wvjCNOWT98FYSIzjFYUFxXWvCaWxZsuRI8KVmOq7cA3o1KnY34Llopbyt11Dd5jj8AmPE2qX1mxFrH3jCEkHcr7v7i0kiN3dcNTamuM1kof751pQVg04PvCA_JZsFi1GuU4sfoFxR968z_jwMI6tK48iJiVTGknZ64XbKP8lWArNUmexaYxrYcdXZjyzJ4eI5N9sNo_yD_1taKvgqiTnTwsnFxjBnQpcYk68TdG_R_1rMt_ktx4RB-oGcJlnOEn71bol1kFXS1NS8kyWs08gmi0f_gZ4Av2Ba166gJTj6eXRv_9Fl0Mx7g8gyR5rX8oBlGaREgp_ZTR_337zA,s/fnURtj12J8HB8QwiBeRg==,463b6655-ad79-4961-84db-a71938058e6e,201036000000
Mariam25086,P@ssw0rd123,dc-m2ij5v8ofp9fuun8r2h5hklvz,ogWQVHXHsIy5uINsaM8cUEOid9eygT8+oT6dEWsLPN0=,000247ZYe5QLJcUbhxNmxk7WRc807nNEdkcWS8tnDL3KRDV90BibRiFzVBlpyFwc,MFkwEwYHKoZIzj0CAQYIKoZIzj0DAQcDQgAEEnHJJHNnCUXh2jOo7faNR9wwuHCMkGofWM3uMVhMACndDy3OdgkXI8bqp86+i0+c+lSDQ9OkTOcA0Zj90pnkUA==,ewogICJ0eXAiOiAiSldUIiwKICAiYWxnIjogIlJTMjU2Igp9.eyJhdWQiOiJodHRwczovL3Zzd3NpdHNzb3IwMS5kZXYubWRpOjQ0My9hcy90b2tlbi5vYXV0aDIiLCJzdWIiOiJkYy1tMmlqNXY4b2ZwOWZ1dW44cjJoNWhrbHZ6IiwiaXNzIjoiZGMtbTJpajV2OG9mcDlmdXVuOHIyaDVoa2x2eiIsImV4cCI6MTY4MDAwNDI2NywiaWF0IjoxNjgwMDAxODY3fQ.HWU06qNugq_3_V6_8sNdbKMRl-xaAR8jBrKJnRPy__lXN8b3KhRZ95XqPn6Wqd-g98Qh674Nh_-5bik_I5Yr-ZbmjE0YLRZ_HhmTKXI-tjasmsuC9x-besnxyF_3Ams2vEal9PIad204OU_cQVUrUPbqX3WNM5jarVhvu1f4iE_pBv84nhQ8bXQqruBIr_9ff3_TBjhxjMUUZ3NdlgdGBbdMsc6plzWhncSKCK0bvHqJ00g2dpQv2abU34qf2Spuca2lmJbIQNY3DvEkzSstBTfldQ9EiKJ2Ei9knBQqQzIWuBm9fXB-tDyymUVhFokyn3mowY4GLXBB_kG7Z1PHpw,JUJUkNTwn8oP/G6HaTfthA==,ef7d02cc-0cb8-4a4d-8eb6-46a5ba4dc4be,201038000000
Mariam46092,P@ssw0rd123,dc-3f6cau16oxo9ilueze24su3z9,R5s+QE5Al/0XJXmLkd0tIGwHTpOvJQxhEqizOjbEtBo=,0002Dqw7p2Ox4wGN5ST6PDcA39FQnE4iXMRjWSWE90Fhqb23VGOfKYWDl33CcUY2,MFkwEwYHKoZIzj0CAQYIKoZIzj0DAQcDQgAEp6DiVrlpa8ljI/7wp/5mJvH8fE/ibGgh6AdcHMp4n9gFyK1UN3FzBJhJjVFy1Rgm6n+3BOgGFxtCs0zOuLYQZQ==,ewogICJ0eXAiOiAiSldUIiwKICAiYWxnIjogIlJTMjU2Igp9.eyJhdWQiOiJodHRwczovL3Zzd3NpdHNzb3IwMS5kZXYubWRpOjQ0My9hcy90b2tlbi5vYXV0aDIiLCJzdWIiOiJkYy0zZjZjYXUxNm94bzlpbHVlemUyNHN1M3o5IiwiaXNzIjoiZGMtM2Y2Y2F1MTZveG85aWx1ZXplMjRzdTN6OSIsImV4cCI6MTY4MDAwNDI2OSwiaWF0IjoxNjgwMDAxODY5fQ.RzcFuWD8I5jQaSg3axlWFQQ_mU9aYsEyQCfEs4FcGKCPtTZtWdCsV9eZkoF1-tk8QtfHe-7XDyruqQMAzWmErccPZt9jn0BpmV9-4LEwSg8xkLFPQKKrWovWOO4COge9PIy50qSNXCeJKlJF-vm9ofFrVxbYora76s4lSru6DKYnxFC8wRo7D7c0xD8bjgVUEiH1-1SNsRUrfDtoJjMrMRU8MHVly9aWIHGjUSP-sRUkaMDDJlp7kX-vTKbf6-0iUmuirxl-bjmV7OWwAaB-tQAfSf6dYgegtQNX-CHCn7ciACbayqiYDqnfJBQJtAZNkXUL7dfMiBk_pP-cgrpOTw,K0yo1kIf55Zqr0QJw+COgQ==,9650b02b-9034-4870-9c94-34af1aa38470,201079000000
Mariam84716,P@ssw0rd123,dc-rd44n3ll2xygmk4chf0bso7xy,nxhnjtjjfiqG1FuCs3VGi2bNXypAnnxWx2A1ySv1baQ=,0002T2c9jnVYHInhmfGkR2kNz3PhIXhV3eOICSheG2fe5eKYZYeZMfL7cBlK1t1c,MFkwEwYHKoZIzj0CAQYIKoZIzj0DAQcDQgAEq1svWTwx9gBPFo5KmtmckekWqPKrl87Qpz9ZT4jl6Z2+svNMNYYscMSDQuhSPxv/U5ja7LaJKMYhdIiSNOzqAQ==,ewogICJ0eXAiOiAiSldUIiwKICAiYWxnIjogIlJTMjU2Igp9.eyJhdWQiOiJodHRwczovL3Zzd3NpdHNzb3IwMS5kZXYubWRpOjQ0My9hcy90b2tlbi5vYXV0aDIiLCJzdWIiOiJkYy1yZDQ0bjNsbDJ4eWdtazRjaGYwYnNvN3h5IiwiaXNzIjoiZGMtcmQ0NG4zbGwyeHlnbWs0Y2hmMGJzbzd4eSIsImV4cCI6MTY4MDAwNDI3MCwiaWF0IjoxNjgwMDAxODcwfQ.XS24MoCXkbyvI4OA2eft-Jy8tMqerTCIr0rAPoJfNuSUF8KoUMly6zGeF8mNAj7wt6SvQKAaYMY9CYrDlDGnub4y2MCkP_jFBlQUNR61MKHDAf1H-CttnbJxo1QyUVvz5XXb-uuClVkeEQpEFno2KuVXoVsOZpUufoznxHt8phpPrsFM3w22wqLijstIR6YjsjJHtsLqXWemysC-hbcJtjHtu09Ihy5nThT0nXFw1Fdx9mb0k-xMZODhhmg4McVm25bO733x4Hy8YPfvEU9dpu8Mu_0tOXXqRSr2dKBdRdnmF_d6eVc8CI01wUOnKm0Ak4KPNd7wNqSGidnpZaz8CA,oo3wvbWH3aLsDCgh5DKKRg==,34d53ce3-1ac6-4a28-90c9-978da3b89fa6,201093000000
Mariam88237,P@ssw0rd123,dc-8w4pqym8v9kckvqihapv8ydw6,a44wGT7NgmSU1+F4Dne59HbqX2QQBzwReR74bY1zrwo=,0002SEWH8ASl4QgIUWAj2kWIWTb1cRjOSqu8njwBQLVmfL1URiYyTsjkUHLvgtUZ,MFkwEwYHKoZIzj0CAQYIKoZIzj0DAQcDQgAEhQYDgavJlggeNcWod/X5TOgtNRaG5AeTycN13kJAsPSYiJtw3XCixqt95Jk/LOG96Ojhme1Gmibrtj/c28fyWA==,ewogICJ0eXAiOiAiSldUIiwKICAiYWxnIjogIlJTMjU2Igp9.eyJhdWQiOiJodHRwczovL3Zzd3NpdHNzb3IwMS5kZXYubWRpOjQ0My9hcy90b2tlbi5vYXV0aDIiLCJzdWIiOiJkYy04dzRwcXltOHY5a2NrdnFpaGFwdjh5ZHc2IiwiaXNzIjoiZGMtOHc0cHF5bTh2OWtja3ZxaWhhcHY4eWR3NiIsImV4cCI6MTY4MDAwNDI3MiwiaWF0IjoxNjgwMDAxODcyfQ.nSLekCGvS24sAK6J3sxRAeB9Bl7apspZhpohJxsosupLQ0cLbB7FaNWMVwjsn3VMrooAFCLiKKsJrYuydkarunjPEKxNIEL-dPFRk4YH77MvJe9d9zeI8PwnEW1bvNoKB3485tGUywPyX2iUbYl52tFbsuqNKxzCWuurcYWGNDTTZQU8q6PY6a2uFnzR-USW38Aj7uHwai81YgGKK-R9eP_bRjwDy7XJQzGkkL0d3QnVDMVzoxeNzuv4DnhF6LopV91fx26_aUsb4Cb1Zty6KPa8bGcoy6_zctGlQ8Md9CfjC7BEZ8osParQgKBBuqWQtawUmI8FH04uChdKg8PgTw,rcosPY4Bl0HZS8DxL65kxQ==,5f5a5058-6866-4b6d-9c90-3899696c3e6c,201022000000
Mariam13802,P@ssw0rd123,dc-h67jo5nykwweuj52x0t04p6rz,j2m3NWP1j991JCnYcrelMVzg+eXnbKd9WvSU475MRf0=,0002IQjdM94Hqj8xb9VCdsz42nW64L5WCw79Y0pSUcwTSTUjKQM5L9ityKRuClCl,MFkwEwYHKoZIzj0CAQYIKoZIzj0DAQcDQgAEqsdbY73DBmQjyiXqC9983WNtmtrqmAxAKJTvQbGlNKAuDKgmPLi7u/2tj6mzcKzHj1Bfs2zJyrJyIIwVo+AmCQ==,ewogICJ0eXAiOiAiSldUIiwKICAiYWxnIjogIlJTMjU2Igp9.eyJhdWQiOiJodHRwczovL3Zzd3NpdHNzb3IwMS5kZXYubWRpOjQ0My9hcy90b2tlbi5vYXV0aDIiLCJzdWIiOiJkYy1oNjdqbzVueWt3d2V1ajUyeDB0MDRwNnJ6IiwiaXNzIjoiZGMtaDY3am81bnlrd3dldWo1MngwdDA0cDZyeiIsImV4cCI6MTY4MDAwNDI3NCwiaWF0IjoxNjgwMDAxODc0fQ.P0fwpwfCEyriZUBtkrnF5ddvD8QzolVGvkg3jRn1zxBCrFNBy9ETmi4gYktxTT-ARp-VC2sJx1JRkuS7fwkTHxEXnkbMrZX_DxSRn-VaggcTJD-_v-UTPkVksdWt1k-PfGI8c2EbWW0Cl8kz2nns4KRNjUBxxJA3rpE3XIiDZ7yQrHuR19iVOdt2_xoikmrgh73nwbti_MaKkIaRws3LwYj-ZUxPfK3CdFUqnLs0mO7H-ADUHKZ2YUDqYORHL0BR8XOoYsi7RKYqUgCv4hRwU_7JLmQNv91y-nBJEED4_Pf6Kv_EaXHR9W--3qMXNodEjIHKINjPbC5rTbg76zk9mQ,/ghhd44K5yCRpWnLmLRZrw==,f77e14fe-8227-4a43-bc4c-343d5dc6165b,201020000000
Mariam72287,P@ssw0rd123,dc-vxajirq7i1zktnft824jzey4w,nQKBJT+/XQbgjlGse0gY9b5SXVCmxm6UVL2gNJAOd8c=,0002hyj4zm5AM7R7qB8NvRf5mpe1rBry8hnOsbeIiUyDzDIWM2QG6VtPqSeuddx0,MFkwEwYHKoZIzj0CAQYIKoZIzj0DAQcDQgAE9nfRaVM2VM3UYIcLrlQSUHRjAifjUFEYipj9SBGU7tQ3YxpgloKgTJvsIinV3T+s/fWCSKPcKn9c3n3XSDdZ4g==,ewogICJ0eXAiOiAiSldUIiwKICAiYWxnIjogIlJTMjU2Igp9.eyJhdWQiOiJodHRwczovL3Zzd3NpdHNzb3IwMS5kZXYubWRpOjQ0My9hcy90b2tlbi5vYXV0aDIiLCJzdWIiOiJkYy12eGFqaXJxN2kxemt0bmZ0ODI0anpleTR3IiwiaXNzIjoiZGMtdnhhamlycTdpMXprdG5mdDgyNGp6ZXk0dyIsImV4cCI6MTY4MDAwNDI3NiwiaWF0IjoxNjgwMDAxODc2fQ.vSvIdd0fuJIZGwR5lxKkNV3v41bAI9z0Ior3GbpZ_uWcsvx-QYr_zB75sF3AGRev_Nl8-78J-6wq2JBjlCkak5FOGmp5i2fYaGg_Zgq6mGr1QFMhzajHDPgGnFPO0kC4-tQtoH1Gq4estpstvodKhr2e4uPO_M3RhJW8eUyAv9wxzLaVTOyU_jsQXgzM_g5PWAb2bnzGb9ROjTmUxkYKiA_j3PnbEOPgIKa1jiM217CV1wSs9kAqhjzFkiTueZjdcuKZ818ZuIsi-Ec3giqDjBhP_Rdb1447prTmRxNIH1UUDoNvQ705YuL859C1BMf3jrZuYXWu8AjcCe6i5qiz4Q,9zImpS2u2VG2L5idCUVVBw==,1887dd84-6ce3-451b-9a1a-72d4ce5e177d,201097000000
Mariam91431,P@ssw0rd123,dc-2kv0txqidfh1x3v087cxlmj9q,70nSiJN7kWGEJJ87AbT/F/Z6QYIRbXjw3my2D89Otd8=,0002wFXkrnUl9ePbmTCHVVzEnP9A8FdtgyoMPXzQLXNSZTskY02FoPgdehTfYmNV,MFkwEwYHKoZIzj0CAQYIKoZIzj0DAQcDQgAE0x7lVjcmi626fK0DwG9x/zxvlfse8RtgWWUw6cOHeYbMYui+2MHtNJBHHkDkgVU0D54T0tLkpssK64qBydlHZA==,ewogICJ0eXAiOiAiSldUIiwKICAiYWxnIjogIlJTMjU2Igp9.eyJhdWQiOiJodHRwczovL3Zzd3NpdHNzb3IwMS5kZXYubWRpOjQ0My9hcy90b2tlbi5vYXV0aDIiLCJzdWIiOiJkYy0ya3YwdHhxaWRmaDF4M3YwODdjeGxtajlxIiwiaXNzIjoiZGMtMmt2MHR4cWlkZmgxeDN2MDg3Y3hsbWo5cSIsImV4cCI6MTY4MDAwNDI3OCwiaWF0IjoxNjgwMDAxODc4fQ.m0xhADlDZ9PuJQAPk8e5db8LrsQWG8wnVpLpkR8kaDuL5aqN_uUuM_zkfDr_QrGRKyGoz0jp63BLrOb5bFXcxN1IoQPnHjE8GJhIWCVp84heCqCuiJOcBR6VWBdnCWQxASM3je8y8GSZD6rSSKo8sMdYEImihc-_T4WobAoyuhDtl-CQM1lOqdvMQpwjLbPG3MUGR_0b6AgJ4vpz_ebfMFM9kPQBeNyPBs4iW0LKK4h821hTr2c9faJ_BSVl6TMTdLiJc2MXG4YKQsuvFSCNJyYl2nZqOvEq1QB4_PASkvhPSEar1DdpJgNB4lpQKAobU-GJYhoLHgxerTh8RHV3VA,YDGRWTEhTTJuihz7e3LwrA==,3c8aba1a-bfb9-45c2-b8ea-18caf2113a89,201082000000
Mariam79646,P@ssw0rd123,dc-med72uju679o61mr48lzm3zc6,l7E5brLX6Ua12gP8AqW+pimi9qdGn/YKkM73jqmwRgI=,0002RQDJBISIwjHlq6gPnVntrlUe1sCeUsEdNgYIzwN4zAbS2bnATbUf9CAKQW9b,MFkwEwYHKoZIzj0CAQYIKoZIzj0DAQcDQgAEDJ1tBPEE9qSpXKW7HnfrR0+Cg9UNVaxVR6bQxePGY7xpmc8rax/txgIxuf98wjwqpTfwYCZgpJor3iRMGIDl0g==,ewogICJ0eXAiOiAiSldUIiwKICAiYWxnIjogIlJTMjU2Igp9.eyJhdWQiOiJodHRwczovL3Zzd3NpdHNzb3IwMS5kZXYubWRpOjQ0My9hcy90b2tlbi5vYXV0aDIiLCJzdWIiOiJkYy1tZWQ3MnVqdTY3OW82MW1yNDhsem0zemM2IiwiaXNzIjoiZGMtbWVkNzJ1anU2NzlvNjFtcjQ4bHptM3pjNiIsImV4cCI6MTY4MDAwNDI3OSwiaWF0IjoxNjgwMDAxODc5fQ.avBlQqMLB7uv-dXWXVnjSusasHX0DVSQg_lOGPjNBjHzYLxXkH_Mkm9rJ6P776zFWxlqmSh2Jgd6oVxIUMyNrqt6f-kxcXv651ApPbH5mAZxmrydRkyNnWFaSXAZXOQORlLDl3tTx-NWUqCUkzXfHXkSctVyZnkQosMIAb263TlJ4sqa6cZNb745bIWztHXhRfuUfFWe7LgHKArkqpvpg0IAU4bjkROsH_4nlvUNtRpnpiAaw1W0ToURHFqq77mxopEIGXCHSM1h474-eItXRov9i8RYft7aLLjljvM6cQUkAaL2-wXz4bLEa4Ni-554QTn8cu8te-rr9OrQslK-UA,s0hGeP3dJTZgBSdizA1uiw==,406f589f-26fb-41c4-87fb-463686af1cd7,201046000000
Mariam98406,P@ssw0rd123,dc-m7gac6ad16o83zp70n2dymfwe,MC5ApywH6mb4aRUw+dqFXB443bsKy/tA1J8ubed9QzM=,0002bWrno4uCUbTt3sBlrUQmVWIXlyVMIp1zOWNiHfFESpaWaDE9fBVjzcCRwTEB,MFkwEwYHKoZIzj0CAQYIKoZIzj0DAQcDQgAEnkBkMH07QY5vXZz3vBnTdR9RUzi0uzwNwXk12dvI6uryVc128alsk8rtSLHRGWWlJ13OwdpJTey1PAXWvq4gdA==,ewogICJ0eXAiOiAiSldUIiwKICAiYWxnIjogIlJTMjU2Igp9.eyJhdWQiOiJodHRwczovL3Zzd3NpdHNzb3IwMS5kZXYubWRpOjQ0My9hcy90b2tlbi5vYXV0aDIiLCJzdWIiOiJkYy1tN2dhYzZhZDE2bzgzenA3MG4yZHltZndlIiwiaXNzIjoiZGMtbTdnYWM2YWQxNm84M3pwNzBuMmR5bWZ3ZSIsImV4cCI6MTY4MDAwNDI4MSwiaWF0IjoxNjgwMDAxODgxfQ.zS2hmlPjmM7NJtzp9wXzLTYXGVAvDLbzKCvvmRJzEf6oAbJ5CqsEg7SdBd8WbsIE8k_CZsi3NnUXGq7LqjnaCFG6sj7OtC0PGqWMuzNvV4LbrDfLzu8RCL9jXnvx3J_Qw_WaYpgg67YfvwxUpsXmF7D1coY32wnt1vgmK672lbPaORcyDgUleY62YAiNFyeq5fPIqPM0wa4hXeU0qMO6bCe8fT_ntWzhb6NgJX9lOi2eYStJl4RSsi22g4ZTYtz3h2_D1RY-FCdXCIKaw9Hbdxnn9eEba2BTv0Q64raWBzURCGT3xfXgGX1ubdPlSXtM1OOCAeplxFU5IiLlHVHY0g,AcqSTlljI4ywBP5b7upeOA==,af20dd7a-decd-459f-9d64-2dcb24cf07e7,201031000000
Mariam78898,P@ssw0rd123,dc-fahpqhqxjfniyx5cj0fpbwbv6,zDfRNFWaeS+KxO/rxVVK8vJcZr2+Of8TUS7RnRFlbsk=,0002eKcbfL1yOFFa0UUQX2vcnUuGGLLiud0PCuGoBTDgwtGPjvEUYt7o2QJnoMZ9,MFkwEwYHKoZIzj0CAQYIKoZIzj0DAQcDQgAEu3olJhR1jjTWfgcX3dR4i/OJt+poMzmiyw+XZYo0URxJWDZ1bzzhKNQC6ZOeFiIUmNqOJdsTAeJ0fY+4IUZrDA==,ewogICJ0eXAiOiAiSldUIiwKICAiYWxnIjogIlJTMjU2Igp9.eyJhdWQiOiJodHRwczovL3Zzd3NpdHNzb3IwMS5kZXYubWRpOjQ0My9hcy90b2tlbi5vYXV0aDIiLCJzdWIiOiJkYy1mYWhwcWhxeGpmbml5eDVjajBmcGJ3YnY2IiwiaXNzIjoiZGMtZmFocHFocXhqZm5peXg1Y2owZnBid2J2NiIsImV4cCI6MTY4MDAwNDI4MywiaWF0IjoxNjgwMDAxODgzfQ.bBKW_ocuMxxcaMyuYm3LUG8HjyA5E9Yw08OCRyCpcoIGsBwxkeRZcsJpaCeQoXuMHLCQvjbrT4lNbY9PdgQL1ZBfsl4VC1xInbhakjDGpWaVcLKr6_Yo-tpMvrfks-N2QLRsQAHKGPbEjhOStKrC2KkNa2asVp_K6qaSt9vRirpgy-ABjTeqWcGrsZN_P-nsW7Fs9xbKaV5itaowbnsfnRdwLPQzbY-yket_leM-r-OQqEw2B_apwydT1FvDHUpg36XpOts0JXgMXYngqDS3pag2WqQcobL_PJHylhvTm4Fbn4HuafK5KBZN-kckqSrj2KPmeyckhm-C4MUV-ASp3g,6kFf+DHW6E4Bni67X5ZjGA==,47a8c023-7dfb-4221-887d-7c790ab615ab,201042000000
Mariam19681,P@ssw0rd123,dc-1f6dlvzuj14gst57ww8rop7w7,JVqzocmD7qzMqn3ArOcH3gavU9+MJ3Rb2nwXkmGFubE=,0002CTkRMPNM9x5kEis4LzLMJQxEKERZuo2o6yTy97splQ8sG2xEcI2ygQ1Mojr6,MFkwEwYHKoZIzj0CAQYIKoZIzj0DAQcDQgAEOwzNsRANoFc7zzaNostn+ZFWM3a7wF1g9p6lbC2yc41ckT9tpbpwq+FGIR3xShHjb+GWz2pjsHvpABlYvpcSGw==,ewogICJ0eXAiOiAiSldUIiwKICAiYWxnIjogIlJTMjU2Igp9.eyJhdWQiOiJodHRwczovL3Zzd3NpdHNzb3IwMS5kZXYubWRpOjQ0My9hcy90b2tlbi5vYXV0aDIiLCJzdWIiOiJkYy0xZjZkbHZ6dWoxNGdzdDU3d3c4cm9wN3c3IiwiaXNzIjoiZGMtMWY2ZGx2enVqMTRnc3Q1N3d3OHJvcDd3NyIsImV4cCI6MTY4MDAwNDI4NCwiaWF0IjoxNjgwMDAxODg0fQ.iNAaf4zgVNks_BqMK27kleXCJ3dkmJRNofH9OYmLm_DJVBWBCGeQDVfS_-oWOq-_C0fV_ZdRlXDfmHzP4dmMg_xBL87_EKA4gyYv3juvRB1Ss_jK0xjBiH5LqfncFKcPRj7c25PpGoOdIY_d5pzmOwLD9Wq3JUcHQ5USLegp48UrsjGU661syvfhT9PSyWlAx6dkag5J_VEcSmdspZv5aSsFAHrTkJ1bF60ad6Z_KINFiyOgbbVg8K98oXcWDpA2HrZ03kq0NQy344JPncotO9GnFMFn8Ew3sUtWTH60oiScN-OHiyPNZ7fBA9Hpz_ceHgO80mGDrhVAjCQ6mEch8Q,qekMdNqyqerYzz/xAkn4pQ==,cff1b935-5d21-455a-9bd1-36a83d4f9e0e,201006000000
Mariam31734,P@ssw0rd123,dc-8lrxo7aei79b3eunlkdm4nfjd,+I2MYq4mx/7njmBN0PHSOyQwsgH3W6mHtEhnRXAkcy4=,0002xgsEjB0khzOgBrCqblKLGZUO7007m1SNLUdaqHVIhDBwhvsf5wjwyBCtIEyp,MFkwEwYHKoZIzj0CAQYIKoZIzj0DAQcDQgAEnN/yy81bb5ydi+CknlgJCLGm4g8cZTuBVHFdUZx/WfHCaxH22SPp63PKKZnvgiaGXxclzsBtHv4bZIOk0K3HHQ==,ewogICJ0eXAiOiAiSldUIiwKICAiYWxnIjogIlJTMjU2Igp9.eyJhdWQiOiJodHRwczovL3Zzd3NpdHNzb3IwMS5kZXYubWRpOjQ0My9hcy90b2tlbi5vYXV0aDIiLCJzdWIiOiJkYy04bHJ4bzdhZWk3OWIzZXVubGtkbTRuZmpkIiwiaXNzIjoiZGMtOGxyeG83YWVpNzliM2V1bmxrZG00bmZqZCIsImV4cCI6MTY4MDAwNDI4NiwiaWF0IjoxNjgwMDAxODg2fQ.hAq1URdsoUrBS48bRV64f0XQHWU6UAFlwVezpjU2mHqUBuH-ZjB_YhGNfL50_mWW5cswdb6nT_jmz8mCi3aTT0H2oKi4r2qt7v5aHrV1kc8-iwoTNxGZFD41Kx7alYM2X7UchCCu02UzhmI_0ystu1mXsB-yjig4E8mDKmdQchVpmkWXETEbadOx9YvTU2_dNe8UDQnzb5pYXyL_bHKYX1ekF_bPJxhcKdXO2XGWwIe6qHxK5DKvJk8v8Hv33Ehrw0dWcGoewEkAdLZ81QwcNhZbQU2VW4bPYK7xkskRn6mdW6mqk85mkR3xp2lqD4V-FeRKN_RzsOndRKJ8MuR65g,KL4WwuX3JVjNt7iatpIiWg==,24ca8113-9c6e-4f04-9464-538b0c08424e,201009000000
Mariam57531,P@ssw0rd123,dc-vzii6ai47nme47vwold49amwo,/d6lBZXV+/YXaJ2yu9VWLypNFOO/5v2f/wpMqVhuYIE=,00026GeWDLQOTPfCoywcTSzJg8vjATd3HLUntL5z3UgobC5OqwhNeNJkzmn7LjHT,MFkwEwYHKoZIzj0CAQYIKoZIzj0DAQcDQgAETzMNgKE0TS4f6zAglwQpd45OUdjk0/uPlINj6rJLEV7KLib+69loROAF2c4ABYXUxvk2KWJWSE+DfuhwXxa3jw==,ewogICJ0eXAiOiAiSldUIiwKICAiYWxnIjogIlJTMjU2Igp9.eyJhdWQiOiJodHRwczovL3Zzd3NpdHNzb3IwMS5kZXYubWRpOjQ0My9hcy90b2tlbi5vYXV0aDIiLCJzdWIiOiJkYy12emlpNmFpNDdubWU0N3Z3b2xkNDlhbXdvIiwiaXNzIjoiZGMtdnppaTZhaTQ3bm1lNDd2d29sZDQ5YW13byIsImV4cCI6MTY4MDAwNDI4OCwiaWF0IjoxNjgwMDAxODg4fQ.e5BFICE45f5MxJR3zxWTTjnOSM36GmH5G5GeG3h7_MJb5lLaqj9izb5CtjYzWxYXqLuITFJrGcLRkCgxEiFfRB9EFobEL7_cksCL_ZEPX-KCQ0gIUhOR1ZtG3Yc-omlU_GLM3tDkm4sUmdmpHtG72NSKJQHCBoKE84IZ-r1jPPenux1H_txY3PyFfkEpc9DjndQNzX3aUSg9jk3mUswJPwBN58zydXMeefiMRN6uNoty4JNjsaO7pAcmQ2mNlSSVE9vZbNnu9KQsa3CoAqJ8qvFQtrcFdq184STN9pjZDPffVKCVYPwLJ0GTjEMMWtGI7e89aR4m-8ysk1U7eGLrvQ,VNdQTgHHNsxe3a8EGp8aRg==,728a6b2f-5772-4360-9285-36efa541e56f,201031000000
Mariam48460,P@ssw0rd123,dc-926qcwdmyaud8g3708efghyon,nwTX71ED4/xtmzIVl1NrPbzfiXAUF+1MdnD65EhQRao=,0002GUJFrOC8tdVqtdMVK1OcXj2ishSiJfv1YhkUsqVTaVaD2b7DJXe4VIoQsMAe,MFkwEwYHKoZIzj0CAQYIKoZIzj0DAQcDQgAEGVHTIVitHGXz27yFyo5wwPRzhi1Q/DLQjVOqCx9+hMkuSqFKKPngi05DNHlHPoiGrQCwxJFOJaG8PRIEflhKww==,ewogICJ0eXAiOiAiSldUIiwKICAiYWxnIjogIlJTMjU2Igp9.eyJhdWQiOiJodHRwczovL3Zzd3NpdHNzb3IwMS5kZXYubWRpOjQ0My9hcy90b2tlbi5vYXV0aDIiLCJzdWIiOiJkYy05MjZxY3dkbXlhdWQ4ZzM3MDhlZmdoeW9uIiwiaXNzIjoiZGMtOTI2cWN3ZG15YXVkOGczNzA4ZWZnaHlvbiIsImV4cCI6MTY4MDAwNDI5MCwiaWF0IjoxNjgwMDAxODkwfQ.mv8FvyL04TXeDDsXQVLfcZwBwBM0XyD8NGG32jOY2JS76JJgF_Ldzpj6IMiSCCn4sgN77KAEIF_nVk77Nkhm2vTFB3OaAt6BH_EmNK6fPulmk_ChUkLXeKB07wLIRYw_E15243qCILoVAITLasM8D5xoAHcOA8LiE5GmIGK44piGzTZnvbW_qg8nWc49ZaVTcNWGA-K8iCIgE49ZwoxVqoymwduaAd9vZjnnJlnuv0uhByP9uYYW9hVSeq8fZ06iEzHfmSVXh-Lznv4DPitukDKG8USCu72kFpih-a2bR_w_7ChmeVxn18aDSt3dtgkzc6aO1lzG8epXSSitdlOC8A,1q0PWv9H4W7D56e4GA9ToQ==,517753e5-89fb-41ff-947c-7cafd418fc76,201030000000
Mariam21275,P@ssw0rd123,dc-vjlhzt0km1v2qzo07vi5eh9qd,5fFmryzxfsmSTZHTQWAeIIvGgwMDkbli4bl/4M+boWk=,0002ecXHWA8V1uLVoUSEOAygNRjMLwM1x95nZz5xwFTERwsCwGmwCPLFLNNvtXZR,MFkwEwYHKoZIzj0CAQYIKoZIzj0DAQcDQgAEG5JjEyWkz6LjY7o7Ex02k/3kIT9KjXeWs9NSR3eblSmVmMfrKap67qnjwcEw5TARstYS7O9fU+6sOObJQNCVkw==,ewogICJ0eXAiOiAiSldUIiwKICAiYWxnIjogIlJTMjU2Igp9.eyJhdWQiOiJodHRwczovL3Zzd3NpdHNzb3IwMS5kZXYubWRpOjQ0My9hcy90b2tlbi5vYXV0aDIiLCJzdWIiOiJkYy12amxoenQwa20xdjJxem8wN3ZpNWVoOXFkIiwiaXNzIjoiZGMtdmpsaHp0MGttMXYycXpvMDd2aTVlaDlxZCIsImV4cCI6MTY4MDAwNDI5MiwiaWF0IjoxNjgwMDAxODkyfQ.UkJTSkfRy8PRE0QPf2dDMsgiiVe2dmJ1NSkdzxn0X0CGxXb-7FychpEV_Pld3PZ4GxmvIQ8aBEQkfzpWwSsEjAPp8omemk5jh1-EaGt0ECRt4DcSHqNEBmfA0_rC6n0DeDi5ARg9w1vdD-sS0SQQFfFD3lBpRRZFIGLlsX1lMaJAQALOtLtgAHGSo9zS-FeH7iU756IJR9lar9tTFnLxqj4ZIo0yNy30Q56deadNmrSOHL_uHCv_u_8AgYORL04KY0SwRp33Za1VwTW6pvxe7k27RRVPwzHwJM8ggJzGEsksTWlWM4QhcaLv8EVGg3-kTfuLpNrOuCwz88DyRkh1WQ,BbLfXCA6x0ACVnoKa4mgZw==,52f8531d-47ad-465f-b5a0-a79ab04a5311,201004000000
Mariam74416,P@ssw0rd123,dc-hsq8jhos14bs2b5gitftkg9wf,1H1nxJn0MmZUKA7EUQMOWyxLC0Lg33BLhM7zPrg+52k=,00027huNb8f4fV4P2Jt7zSFgIbLByte1cvV9mG4IFStMChTENwtO71AMSTrA5hKI,MFkwEwYHKoZIzj0CAQYIKoZIzj0DAQcDQgAE+IuuFPIyl/vjor0Y49+BQnO6jJ222juK4y8N8NPyxqd9JZ5ozld78NdommUrCwugEevyu2ke7KpBR1UdlobGiQ==,ewogICJ0eXAiOiAiSldUIiwKICAiYWxnIjogIlJTMjU2Igp9.eyJhdWQiOiJodHRwczovL3Zzd3NpdHNzb3IwMS5kZXYubWRpOjQ0My9hcy90b2tlbi5vYXV0aDIiLCJzdWIiOiJkYy1oc3E4amhvczE0YnMyYjVnaXRmdGtnOXdmIiwiaXNzIjoiZGMtaHNxOGpob3MxNGJzMmI1Z2l0ZnRrZzl3ZiIsImV4cCI6MTY4MDAwNDI5NCwiaWF0IjoxNjgwMDAxODk0fQ.FEAw8cM94eIgafd48r4F2grGejgZ82RAOpi721E-YwwxKyNOoMyZ7o-nDX5z4lqlgbqkuuw3RllggW44EXjn54ssjtDzDIUAcF3Q57WWPjJlSG9v50dZyD6UqDfGPrQtIZPoxbekarm9zN4Jzc3Nexz6GjSYUdpBM7X5-7bcjmeUA97ptXBcKeBX1aaHtmJsFdv9-TKMr-5ByAsKO9K4chyOVicwZtgxE1WEnSkHGQyUo5jwwmndxetv592ABGF71l3QK6_c63Cdg8prwIi8wSSHYNNqhJtHEW4RLmoKp-ySDAs0iHn7HiYjzCK4vfB0nZyaUduIT0rbf0hiaTGOAA,MUBJEZr5GRFi+0IsCOZcag==,ab30462d-1545-463d-9d4f-57fc3b631f0e,201043000000
Mariam78622,P@ssw0rd123,dc-7ch1kkhizgoh9vot5jkvfhkc8,0c6yoy0FjBYcTvBUFEXV73FRoC6DjfCBPQ1RW6YEjlw=,00027x686tQ01AFOKVI8IPzUKpW4lC7ogIfOfDRmM51rnSxSdtbNXQxvl34hykJ5,MFkwEwYHKoZIzj0CAQYIKoZIzj0DAQcDQgAEKPzw57f9b/7J0odrh4/E2awZ0FnaSm6Sr0duA3Z3HgbNZpHCgkiH64aTLO7SEwYz4Vq2hg56t7ZavdWNG9mLPg==,ewogICJ0eXAiOiAiSldUIiwKICAiYWxnIjogIlJTMjU2Igp9.eyJhdWQiOiJodHRwczovL3Zzd3NpdHNzb3IwMS5kZXYubWRpOjQ0My9hcy90b2tlbi5vYXV0aDIiLCJzdWIiOiJkYy03Y2gxa2toaXpnb2g5dm90NWprdmZoa2M4IiwiaXNzIjoiZGMtN2NoMWtraGl6Z29oOXZvdDVqa3ZmaGtjOCIsImV4cCI6MTY4MDAwNDI5NSwiaWF0IjoxNjgwMDAxODk1fQ.Bh4N-tIQYwfECnrO3zC1buEOSF3sv0Z1DTFTw_ErRhmNYVmJ_l8BdZU4G5b7obh3Au8EjC89hfqLTM3iMG3GRjxojv5UypaLEiIq1bryBXPZCBSj_6_zRT5rR9ElxiEn9IHpmEj0WrXnlTIgEJK2eUg88z7hZ0fcbB4ZlWgJYkd6qo86_v7fWyX_A0aoM_Oafq09cBTdVzKjH5r1Zd2hhARYPug9RmqgYwst0dqa4pYkGTRMwqwNqAQcPdxUQm8Ymxm7xjXeF9j-vfeirg0KCfuMSPby6IvXchnLP4eVupyySrBr37aIOdnH3IboVDAanEM8B2ogPb6gpBYKR_1MUA,NRqIcc8JUTfH35lHj169yw==,1d57dc78-29da-40a8-ae61-e579f5846cde,201019000000
