Arrangement,,,,,,,,,,,
AA23058H3349,,,,,,,,,,,
AA230587K7CZ,,,,,,,,,,,
AA22156G221N,,,,,,,,,,,
AA221561NF80,,,,,,,,,,,
AA221565JJFY,,,,,,,,,,,
AA22156MP3L7,,,,,,,,,,,
AA22156YN5F4,,,,,,,,,,,
AA2215697CBZ,,,,,,,,,,,
AA22156X6J98,,,,,,,,,,,
AA22157HYBR5,,,,,,,,,,,
AA22157X7SMW,,,,,,,,,,,
AA22157R7NL8,,,,,,,,,,,
AA22157HK6XT,,,,,,,,,,,
AA221572MZSB,,,,,,,,,,,
AA22157JHZ8X,,,,,,,,,,,
AA22157T8ZNQ,,,,,,,,,,,
AA22158MCSNC,,,,,,,,,,,
AA22158J8NFH,,,,,,,,,,,
AA22158T3YP3,,,,,,,,,,,
AA221582B824,,,,,,,,,,,
AA22158THCTP,,,,,,,,,,,
AA22158WJDY5,,,,,,,,,,,
AA22158DM9WS,,,,,,,,,,,
AA221597DSQP,,,,,,,,,,,
AA22159GZ0GG,,,,,,,,,,,
AA221599J5WY,,,,,,,,,,,
AA22159J3W59,,,,,,,,,,,
AA221598BQ3V,,,,,,,,,,,
AA22159HJLP8,,,,,,,,,,,
AA221599Y4Z4,,,,,,,,,,,
AA22159VW83B,,,,,,,,,,,
AA22159B0KBK,,,,,,,,,,,
AA22159CM5N2,,,,,,,,,,,
AA22159V14JH,,,,,,,,,,,
AA22159TMQJ5,,,,,,,,,,,
AA22159ZKH5R,,,,,,,,,,,
AA22159LV6M7,,,,,,,,,,,
AA221596CM56,,,,,,,,,,,
AA22160VC15X,,,,,,,,,,,
AA22160PMJSC,,,,,,,,,,,
AA22160Y1TJL,,,,,,,,,,,
AA22160W9S2W,,,,,,,,,,,
AA221600QVCS,,,,,,,,,,,
AA22164RWRHP,,,,,,,,,,,
AA22170RJLYL,,,,,,,,,,,
AA22170MTJPQ,,,,,,,,,,,
AA22186BR2YZ,,,,,,,,,,,
AA22187BW8F7,,,,,,,,,,,
AA221984MBQX,,,,,,,,,,,
AA222020QMLG,,,,,,,,,,,
AA22205R41S7,,,,,,,,,,,
AA2221361KFG,,,,,,,,,,,
AA22213TFTN5,,,,,,,,,,,
AA222149NT7S,,,,,,,,,,,
AA22220HN1FH,,,,,,,,,,,
AA22229HR5ZC,,,,,,,,,,,
AA222337GQJB,,,,,,,,,,,
AA22234FLY7H,,,,,,,,,,,
AA222347Y9C3,,,,,,,,,,,
AA22234R1L0N,,,,,,,,,,,
AA22244Q91BM,,,,,,,,,,,
AA22249CQ2RC,,,,,,,,,,,
AA22249NLCRR,,,,,,,,,,,
AA22249SWWMY,,,,,,,,,,,
AA22251RTWSP,,,,,,,,,,,
AA222546Y373,,,,,,,,,,,
AA22263Y2KZZ,,,,,,,,,,,
AA22264H35NP,,,,,,,,,,,
AA222829RPBH,,,,,,,,,,,
AA22282HMHS1,,,,,,,,,,,
AA222824NC9G,,,,,,,,,,,
AA2228290ZK3,,,,,,,,,,,
AA22282XDBHV,,,,,,,,,,,
AA2228296TV1,,,,,,,,,,,
AA22282BLJ3H,,,,,,,,,,,
AA22282LW13L,,,,,,,,,,,
AA222820SNHD,,,,,,,,,,,
AA22282SFLJK,,,,,,,,,,,
AA22282NR3JC,,,,,,,,,,,
AA222825WL17,,,,,,,,,,,
AA22282WTXKT,,,,,,,,,,,
AA22283PWK5R,,,,,,,,,,,
AA22286MBNSP,,,,,,,,,,,
AA22286X0THL,,,,,,,,,,,
AA22290SW9SH,,,,,,,,,,,
AA22290DX1N3,,,,,,,,,,,
AA22290NPNHR,,,,,,,,,,,
AA22290YW62M,,,,,,,,,,,
AA22290YZ6CX,,,,,,,,,,,
AA22291C5ZFN,,,,,,,,,,,
AA222912TPS0,,,,,,,,,,,
AA222927WYZ9,,,,,,,,,,,
AA22292J22H2,,,,,,,,,,,
AA222928P3FL,,,,,,,,,,,
AA22292WYS67,,,,,,,,,,,
AA222927C6F3,,,,,,,,,,,
AA22296PXC89,,,,,,,,,,,
AA222977X9NT,,,,,,,,,,,
AA22299NZ370,,,,,,,,,,,
AA22303PFD00,,,,,,,,,,,
AA22304HM13V,,,,,,,,,,,
AA22305HRTZL,,,,,,,,,,,
AA22305B8GTH,,,,,,,,,,,
AA223108PKT8,,,,,,,,,,,
AA223102VYMZ,,,,,,,,,,,
AA22310ZCND7,,,,,,,,,,,
AA22318XS0FD,,,,,,,,,,,
AA22318714PQ,,,,,,,,,,,
AA223189MY6M,,,,,,,,,,,
AA223180TVPD,,,,,,,,,,,
AA22325QZ80X,,,,,,,,,,,
AA22326DLXRR,,,,,,,,,,,
AA22331DCQTR,,,,,,,,,,,
AA22332HYWWF,,,,,,,,,,,
AA22332M8469,,,,,,,,,,,
AA22332HPR6W,,,,,,,,,,,
AA22332PLFLW,,,,,,,,,,,
AA22332RVCZS,,,,,,,,,,,
AA223320YR7Q,,,,,,,,,,,
AA22335B34PG,,,,,,,,,,,
AA22355QPVFF,,,,,,,,,,,
AA223557SCM3,,,,,,,,,,,
AA2235590KQ5,,,,,,,,,,,
AA23003LYDNZ,,,,,,,,,,,
AA23009XPPKD,,,,,,,,,,,
AA230094VLF2,,,,,,,,,,,
AA23011787FR,,,,,,,,,,,
AA23012FHFLZ,,,,,,,,,,,
AA23012FGM6Z,,,,,,,,,,,
AA23012WPCF2,,,,,,,,,,,
AA230124JLC9,,,,,,,,,,,
AA23012HDDPH,,,,,,,,,,,
AA2301261C1X,,,,,,,,,,,
AA230158MJQM,,,,,,,,,,,
AA23015QHBGX,,,,,,,,,,,
AA23024NLZTH,,,,,,,,,,,
AA23029JS6ZR,,,,,,,,,,,
AA230290T2NH,,,,,,,,,,,
AA23033HJTY7,,,,,,,,,,,
AA2303659B6V,,,,,,,,,,,
AA23036NQJD0,,,,,,,,,,,
AA23036MX1WZ,,,,,,,,,,,
AA230360WV0V,,,,,,,,,,,
AA23036DKLTR,,,,,,,,,,,
AA23038WSWW8,,,,,,,,,,,
AA23038D9T1M,,,,,,,,,,,
AA2304727W60,,,,,,,,,,,
AA23047J9Y9D,,,,,,,,,,,
AA23047Z723Q,,,,,,,,,,,
AA23047G1S1S,,,,,,,,,,,
AA23047LJ1JB,,,,,,,,,,,
AA23050MXV9V,,,,,,,,,,,
AA230518S55Z,,,,,,,,,,,
AA23051QV2ZM,,,,,,,,,,,
AA230513NPC5,,,,,,,,,,,
AA23051CYJ73,,,,,,,,,,,
AA23051RRLQM,,,,,,,,,,,
AA2305188B8Y,,,,,,,,,,,
AA23054XK2S8,,,,,,,,,,,
AA23057R3J9X,,,,,,,,,,,
AA23057CCZGT,,,,,,,,,,,
AA230574CZRS,,,,,,,,,,,
AA23058MD82N,,,,,,,,,,,
AA2305966023,,,,,,,,,,,
AA23059H3SBM,,,,,,,,,,,
AA2305983659,,,,,,,,,,,
AA23059VT4NW,,,,,,,,,,,
AA23060VLLDJ,,,,,,,,,,,
AA23061ZT4H1,,,,,,,,,,,
AA23066RV9SM,,,,,,,,,,,
AA230679H99Y,,,,,,,,,,,
AA23067BV0BM,,,,,,,,,,,
AA230679H849,,,,,,,,,,,
AA23072WFC3B,,,,,,,,,,,
AA23073TWS2Z,,,,,,,,,,,
AA230781HQLG,,,,,,,,,,,
AA23082CRR9Y,,,,,,,,,,,
AA2308279D0B,,,,,,,,,,,
AA23085JDY9S,,,,,,,,,,,
AA23085PV1DP,,,,,,,,,,,
AA230855XZWB,,,,,,,,,,,
AA23085LYLV6,,,,,,,,,,,
AA23085HV2NJ,,,,,,,,,,,
AA23085BRJ2D,,,,,,,,,,,
AA2308523FMD,,,,,,,,,,,
AA2308690B43,,,,,,,,,,,
AA230872K94Z,,,,,,,,,,,
AA22156PQBL9,,,,,,,,,,,
AA2215607FY8,,,,,,,,,,,
AA22156V3TVG,,,,,,,,,,,
AA22156SDM1G,,,,,,,,,,,
AA22156JX4WY,,,,,,,,,,,
AA22156RJW27,,,,,,,,,,,
AA22158YL28L,,,,,,,,,,,
AA22159YKJP5,,,,,,,,,,,
AA22165WBSW1,,,,,,,,,,,
AA22201H3BXR,,,,,,,,,,,
AA22212HF8VK,,,,,,,,,,,
AA22212K2P38,,,,,,,,,,,
AA222136DG5P,,,,,,,,,,,
AA222492B14P,,,,,,,,,,,
AA22254Z5WG5,,,,,,,,,,,
AA22254LQQ0H,,,,,,,,,,,
AA22290SVHHW,,,,,,,,,,,
AA22318YMR8R,,,,,,,,,,,
AA22318WP64C,,,,,,,,,,,
AA22318673TZ,,,,,,,,,,,
AA23052R6FYV,,,,,,,,,,,
AA23072PBNMR,,,,,,,,,,,
